,0,1,2,3,4,5,6,7,8,9,10,11,12,13,14,15,16,17,18,19,20,21,22,rating
The Perils of Certain English Prisoners,0.11867861449718475,23551.0,23.959308624267578,104.49542236328125,0.0651068165898323,0.022380467504262924,0.40081384778022766,0.5406023859977722,1.2993756532669067,0.46968361735343933,0.5039542317390442,77.06214141845703,7.368064880371094,0.007832221686840057,0.015795892104506493,0.007832221686840057,0.07549921423196793,5.205122215556912e-05,0.06441604346036911,0.19777320325374603,226.91098022460938,8.712907791137695,7.685430526733398,3.26
A Message from the Sea,0.15104539692401886,15353.0,23.297420501708984,102.46737670898438,0.048558421432971954,0.031866464763879776,0.6555386781692505,0.5716937184333801,1.3413889408111572,0.44710567593574524,0.48432859778404236,74.6799545288086,7.413443088531494,0.029743699356913567,0.0188607070595026,0.029743699356913567,0.0775383934378624,4.293238209385208e-09,0.07135140150785446,0.18889786303043365,305.65155029296875,8.627830505371094,7.5601115226745605,3.27
The Private Papers of Henry Ryecroft,0.11141861975193024,71182.0,25.43444061279297,120.49588775634766,0.05466238036751747,0.08824580162763596,0.12468738853931427,0.5110090374946594,1.4128446578979492,0.46696606278419495,0.5057309865951538,65.06718444824219,9.627429962158203,0.01772986352443695,0.01594746857881546,0.012312538921833038,0.0924474224448204,0.00027717542252503335,0.07019176334142685,0.17043335735797882,195.83685302734375,9.36731243133545,8.748542785644531,3.91
The History of Samuel Titmarsh,0.09026288986206055,60634.0,28.014780044555664,123.45219421386719,0.07667436450719833,0.04341801255941391,0.5367205739021301,0.48268625140190125,1.3276426792144775,0.45516088604927063,0.4974536597728729,71.77808380126953,8.813084602355957,0.014687844552099705,0.018850211054086685,-0.0005089896149002016,0.07649517059326172,6.186011160025373e-05,0.06111358851194382,0.1888243705034256,162.28785705566406,8.954041481018066,8.152689933776855,3.33
A Simpleton,0.06261371076107025,163239.0,17.806718826293945,76.25774383544922,0.05824607238173485,0.029123036190867424,0.4888743460178375,0.44783928990364075,1.3224128484725952,0.4438033998012543,0.48225364089012146,80.61026000976562,5.527731418609619,0.000745717843528837,0.02783864177763462,-0.007584905251860619,0.07666488736867905,0.000308632937958464,0.07228990644216537,0.20348283648490906,125.5753402709961,9.343196868896484,7.6567606925964355,3.95
A House to Let,0.10812710225582123,41257.0,23.051925659179688,101.73143768310547,0.04634282365441322,0.04690117388963699,0.4812953770160675,0.5187062621116638,1.3220171928405762,0.45959043502807617,0.4876985549926758,76.01167297363281,7.302868366241455,-0.00017671071691438556,0.021091140806674957,0.004743327386677265,0.07945410162210464,0.00020901435345876962,0.07067575305700302,0.19470928609371185,187.2608642578125,9.00053882598877,7.810473442077637,3.6
Stories By English Authors,0.12273057550191879,45441.0,22.961597442626953,105.11975860595703,0.037897929549217224,0.03183425962924957,0.49924203753471375,0.5392100811004639,1.400015950202942,0.47295787930488586,0.49511590600013733,69.12403869628906,8.33427619934082,0.018410699442029,0.021259156987071037,0.014695242047309875,0.08038326352834702,0.0005589472712017596,0.0702156126499176,0.19614049792289734,213.44679260253906,9.22736930847168,8.26014232635498,3.16
The Lady of Lyons; Or,0.13201555609703064,22361.0,10.438170433044434,43.8394775390625,0.23891741037368774,0.09286047518253326,0.1007932797074318,0.569088339805603,1.326350450515747,0.3952553868293762,0.457337886095047,86.57679748535156,3.153637409210205,0.00498062651604414,0.037045884877443314,-0.0028964877128601074,0.09021303802728653,0.00047078728675842285,0.06838120520114899,0.19007863104343414,241.94424438476562,8.971064567565918,8.184993743896484,4.0
Gaston de Latour; an unfinished romance,0.14837050437927246,45474.0,40.939693450927734,202.50494384765625,0.09090909361839294,0.04860486090183258,0.34383437037467957,0.5486981868743896,1.531644582748413,0.4222400188446045,0.4542941451072693,42.88764953613281,15.689697265625,0.021712791174650192,0.011585799045860767,0.021957404911518097,0.11132320016622543,0.0018872563960030675,0.06485921144485474,0.12828446924686432,299.75701904296875,9.436917304992676,9.929967880249023,3.8
Dynevor Terrace; Or,0.07553783804178238,139493.0,21.00330924987793,97.20276641845703,0.10303850471973419,0.02692539058625698,0.612364649772644,0.46149784326553345,1.3960518836975098,0.4473712742328644,0.47068291902542114,71.55889892578125,7.480795383453369,0.010192757472395897,0.027398720383644104,0.0010288837365806103,0.0839063748717308,0.00027567034703679383,0.06982095539569855,0.2124766856431961,131.1567840576172,9.415277481079102,8.23827838897705,5.0
Dynevor Terrace; Or,0.06889313459396362,142917.0,23.51849937438965,109.22068786621094,0.10179246962070465,0.024338101968169212,0.5767143368721008,0.440550833940506,1.388153314590454,0.4607556164264679,0.47644615173339844,69.78190612792969,8.327130317687988,0.007024008315056562,0.024816518649458885,0.014624829404056072,0.08226045221090317,0.00020422638044692576,0.07275540381669998,0.21033553779125214,124.70867919921875,9.318500518798828,8.211136817932129,5.0
Abbeychurch; Or,0.07354819774627686,88459.0,26.157007217407227,118.97693634033203,0.05056179687380791,0.025428740307688713,0.7705499529838562,0.4836164116859436,1.3918734788894653,0.4359428882598877,0.46877437829971313,68.31251525878906,8.814693450927734,0.005213608033955097,0.02006901241838932,-0.001367916469462216,0.08640988171100616,0.0003034448600374162,0.08510927855968475,0.23262737691402435,129.25633239746094,9.024723052978516,8.23881721496582,2.86
Eve's Ransom,0.0788230150938034,68140.0,15.307433128356934,66.02896881103516,0.02425331249833107,0.0406467542052269,0.5892656445503235,0.4932486116886139,1.3313734531402588,0.4763992130756378,0.5032254457473755,81.83389282226562,4.872024059295654,0.008559738285839558,0.02525220438838005,0.01640280708670616,0.06838112324476242,9.216130274580792e-05,0.07510846853256226,0.2192058563232422,142.4180908203125,8.97839641571045,7.5227532386779785,3.68
The Paying Guest,0.10787136852741241,32993.0,16.3273983001709,72.62067413330078,0.03758654743432999,0.04154302552342415,0.5994065403938293,0.5305615663528442,1.3591201305389404,0.47297149896621704,0.49443283677101135,78.86927032470703,5.436607837677002,0.004327990114688873,0.028156280517578125,-0.00014280586037784815,0.07678297162055969,0.0001546467246953398,0.07829100638628006,0.2206842601299286,184.30154418945312,8.840290069580078,7.703579425811768,3.41
The Whirlpool,0.05654766410589218,195711.0,17.509214401245117,80.38924407958984,0.026570048183202744,0.05573447793722153,0.5163714289665222,0.42089614272117615,1.4028278589248657,0.46272605657577515,0.47731536626815796,73.87957000732422,6.448803424835205,0.004535715561360121,0.0252678319811821,-0.003416892373934388,0.07754737883806229,6.360571569530293e-05,0.07373110949993134,0.2060934603214264,109.17901611328125,9.375055313110352,8.029224395751953,3.78
The Nether World,0.05879265069961548,190500.0,19.0655517578125,88.27872467041016,0.044135309755802155,0.060248199850320816,0.49099278450012207,0.42347246408462524,1.3757249116897583,0.47464966773986816,0.47428086400032043,74.57904052734375,6.741246223449707,-0.0029796636663377285,0.022115830332040787,-0.011352760717272758,0.07340697199106216,7.681220449740067e-05,0.06849098950624466,0.20115222036838531,115.16776275634766,9.357399940490723,8.019547462463379,3.84
Denzil Quarrier,0.07948537915945053,98169.0,16.78997802734375,76.31623077392578,0.04532238841056824,0.03659996762871742,0.5151359438896179,0.4650839865207672,1.4105466604232788,0.45100829005241394,0.4812012016773224,73.85449981689453,6.298606872558594,0.009159241802990437,0.022540083155035973,-0.00640422897413373,0.07902461290359497,0.00015263001841958612,0.07010847330093384,0.20715831220149994,140.41639709472656,9.32166862487793,8.15645694732666,3.56
Our Friend the Charlatan,0.05769064277410507,161586.0,17.218008041381836,78.43218231201172,0.03100692667067051,0.05210442095994949,0.515290379524231,0.42813846468925476,1.4229859113693237,0.45443543791770935,0.4779762029647827,72.37644958496094,6.608956336975098,0.013332948088645935,0.023798992857336998,-0.006383124273270369,0.08340054005384445,0.00014600677241105586,0.07281890511512756,0.20547756552696228,112.6178207397461,9.309843063354492,8.158663749694824,4.05
The Unclassed,0.058221109211444855,150667.0,18.55782699584961,83.51656341552734,0.02217021770775318,0.0447099395096302,0.4735804796218872,0.424132764339447,1.3623813390731812,0.4765703082084656,0.48544761538505554,76.17439270019531,6.404550075531006,0.00286919460631907,0.023443175479769707,0.0009117293520830572,0.07571693509817123,0.00012174455332569778,0.07767286151647568,0.205179825425148,118.12549591064453,9.197589874267578,7.855162620544434,3.95
Veranilda,0.06806004792451859,135689.0,20.744993209838867,97.50374603271484,0.02018040046095848,0.048922184854745865,0.446720689535141,0.4201148748397827,1.4141535758972168,0.4495544135570526,0.46273282170295715,69.7281494140625,7.809412956237793,0.001936651417054236,0.018221866339445114,0.01428175438195467,0.0729983001947403,0.0001421235065208748,0.06472857296466827,0.19694796204566956,134.01165771484375,9.427212715148926,8.639965057373047,2.86
In the Year of Jubilee,0.06333785504102707,159336.0,15.918381690979004,72.12866973876953,0.0237762238830328,0.04555444419384003,0.5472527742385864,0.4394804537296295,1.3887385129928589,0.4601075053215027,0.48406368494033813,76.53316497802734,5.720932960510254,0.005969176534563303,0.025001609697937965,-0.0001435922458767891,0.0768335685133934,0.0002927735913544893,0.06887325644493103,0.20752185583114624,115.88050079345703,9.349996566772461,7.892791748046875,3.69
The Town Traveller,0.08308132737874985,79693.0,16.644527435302734,74.1472396850586,0.046783626079559326,0.06098579615354538,0.5417711138725281,0.4704931378364563,1.3676269054412842,0.4584299623966217,0.4758671522140503,77.64557647705078,5.730648517608643,0.004176606889814138,0.02287113480269909,-0.00015551949036307633,0.07586522400379181,0.00012573738058563322,0.07943277060985565,0.20435047149658203,163.30120849609375,9.189920425415039,7.861262798309326,3.58
Will Warburton,0.07021088153123856,104941.0,17.83347511291504,79.11758422851562,0.034834325313568115,0.05607476457953453,0.5444350242614746,0.4684830605983734,1.3688750267028809,0.4592994153499603,0.47699540853500366,76.6108627319336,6.102381706237793,0.004173848778009415,0.025742407888174057,-0.007866505533456802,0.07511574774980545,0.0003828132466878742,0.07452961057424545,0.20517757534980774,126.62047576904297,9.218149185180664,7.851430892944336,4.12
The Emancipated,0.057462844997644424,173399.0,16.962242126464844,77.2492446899414,0.023280836641788483,0.050865694880485535,0.49065831303596497,0.44200390577316284,1.4073431491851807,0.4715743660926819,0.4937138855457306,73.68508911132812,6.4300312995910645,0.0029997671954333782,0.02372804656624794,4.662046194425784e-05,0.07384125888347626,0.00021846640447620302,0.07864745706319809,0.2081480324268341,112.14521789550781,9.2926025390625,8.082968711853027,3.2
A Life's Morning,0.05953655019402504,166318.0,18.259353637695312,84.73516082763672,0.02260011062026024,0.06341195851564407,0.4458584785461426,0.4256689250469208,1.3857884407043457,0.4809822738170624,0.48333030939102173,74.26316833496094,6.654234886169434,-0.0008087004534900188,0.022162139415740967,0.0016922572394832969,0.07203859090805054,6.53586903354153e-05,0.07540088146924973,0.207539364695549,119.11353302001953,9.260512351989746,7.928191184997559,3.81
The Odd Women,0.056644000113010406,165578.0,15.735627174377441,72.57616424560547,0.023092273622751236,0.04466407001018524,0.500047504901886,0.4119589626789093,1.4072275161743164,0.46974536776542664,0.4842117130756378,74.79824829101562,6.004712104797363,0.0035495345946401358,0.02793281339108944,-0.0010776601266115904,0.07802467793226242,0.00023026975395623595,0.07482321560382843,0.2105790674686432,107.53553771972656,9.323596954345703,7.895275592803955,3.78
My Young Alcides,0.0750957652926445,117996.0,30.233922958374023,138.47015380859375,0.056366898119449615,0.03100179322063923,0.5162695646286011,0.47595056891441345,1.3628482818603516,0.4845605194568634,0.48218053579330444,65.64838409423828,10.43935775756836,-0.00044549739686772227,0.020970072597265244,0.006146614905446768,0.07603991776704788,9.040551231009886e-05,0.07189138233661652,0.20770849287509918,139.9695587158203,9.19318675994873,8.411154747009277,3.0
The Ordeal of Richard Feverel ,0.15850715339183807,32314.0,17.23626708984375,78.76746368408203,0.07999999821186066,0.03519999980926514,0.47093334794044495,0.5995045304298401,1.4033546447753906,0.4160367548465729,0.4407595694065094,73.94288635253906,6.413568496704102,0.004743759986013174,0.024280831217765808,0.0033374526537954807,0.07897742092609406,0.0001146253925981,0.056702397763729095,0.20414960384368896,305.8494567871094,9.284049987792969,8.59776782989502,3.52
The Ordeal of Richard Feverel ,0.1577083021402359,32465.0,16.88299560546875,76.56734466552734,0.11284451186656952,0.032761309295892715,0.446697860956192,0.5911421179771423,1.4105223417282104,0.41684406995773315,0.4591543972492218,73.71021270751953,6.35455322265625,0.024055352434515953,0.02946755662560463,0.025120850652456284,0.08222991973161697,0.00019131871522404253,0.061069704592227936,0.20023739337921143,304.037841796875,9.339128494262695,8.500524520874023,3.52
The Ordeal of Richard Feverel ,0.14514875411987305,32167.0,17.110637664794922,76.54308319091797,0.10904255509376526,0.05000000074505806,0.4680851101875305,0.5805141925811768,1.3740766048431396,0.4349178671836853,0.46825945377349854,76.5551986694336,6.016061782836914,0.022069357335567474,0.023823488503694534,0.022891070693731308,0.07875816524028778,0.00011542748688952997,0.06375273317098618,0.20383964478969574,280.83575439453125,9.188536643981934,8.04072093963623,3.52
The Ordeal of Richard Feverel ,0.14466530084609985,33657.0,15.300454139709473,67.87954711914062,0.125,0.04363636299967766,0.46136364340782166,0.5866495370864868,1.3900433778762817,0.422421395778656,0.4723426401615143,76.8930892944336,5.5556206703186035,0.015768684446811676,0.027104735374450684,0.009067213162779808,0.08035875111818314,3.737910810741596e-05,0.06290416419506073,0.20568111538887024,271.9813232421875,9.273467063903809,8.059164047241211,3.52
The Ordeal of Richard Feverel ,0.12406191974878311,40375.0,14.817614555358887,64.27119445800781,0.10275229066610336,0.056880734860897064,0.4807339310646057,0.562788724899292,1.3628305196762085,0.4363672733306885,0.48106876015663147,79.60649108886719,5.076511383056641,0.01672324910759926,0.033441562205553055,0.017103033140301704,0.07616444677114487,9.364289144286886e-05,0.06598816812038422,0.21544481813907623,221.48304748535156,9.150269508361816,7.888045787811279,3.52
The Ordeal of Richard Feverel ,0.11933291703462601,38556.0,14.495864868164062,62.50638961791992,0.09736841917037964,0.03947368264198303,0.44586464762687683,0.5536205172538757,1.3362178802490234,0.4317066967487335,0.4712905287742615,82.06161499023438,4.684216499328613,0.006024063099175692,0.031019769608974457,0.006172982510179281,0.07463079690933228,6.506696809083223e-05,0.06809154152870178,0.21706026792526245,211.81570434570312,9.05573558807373,7.783348083496094,3.52
The Ordeal of Richard Feverel ,0.06415195763111115,208957.0,15.815181732177734,70.13055419921875,0.10504806041717529,0.04374479502439499,0.46348294615745544,0.4323952794075012,1.3770657777786255,0.4411046504974365,0.466725617647171,77.47846221923828,5.599416255950928,0.014661789871752262,0.0286015085875988,0.007649253588169813,0.0782182440161705,0.00010157418728340417,0.06345415860414505,0.208466574549675,128.04754638671875,9.522560119628906,8.11014461517334,3.52
Sandra Belloni ,0.1442994922399521,32883.0,17.049198150634766,77.97980499267578,0.05903676897287369,0.02692905254662037,0.39772137999534607,0.5676633715629578,1.4160113334655762,0.4337860941886902,0.47929632663726807,72.93714904785156,6.537934303283691,0.014279366470873356,0.021088462322950363,0.018960976973176003,0.0761461853981018,0.0002608960494399071,0.06474091112613678,0.20890791714191437,264.1318054199219,9.22322940826416,8.270978927612305,3.35
Sandra Belloni ,0.14338383078575134,32277.0,16.61099624633789,74.06475067138672,0.053956832736730576,0.047276463359594345,0.48047277331352234,0.5701274871826172,1.4013216495513916,0.4332869052886963,0.4895237982273102,74.86547088623047,6.101171493530273,0.007396873086690903,0.0234583280980587,0.006390620954334736,0.07203406095504761,3.8882833905518055e-05,0.060605041682720184,0.21155330538749695,264.7115783691406,9.19039535522461,8.231550216674805,3.35
Sandra Belloni ,0.14276175200939178,31451.0,14.682347297668457,63.2119255065918,0.08709827810525894,0.04517931863665581,0.48812296986579895,0.5826494693756104,1.3812062740325928,0.42300647497177124,0.48270389437675476,78.36846923828125,5.171708583831787,0.003801376558840275,0.028591841459274292,0.00694474158808589,0.07561745494604111,0.0001627884921617806,0.06723345816135406,0.21028859913349152,274.28472900390625,9.175957679748535,8.017358779907227,3.35
Sandra Belloni ,0.13837160170078278,33186.0,16.297548294067383,71.95882415771484,0.09558823704719543,0.037745099514722824,0.531862735748291,0.565517246723175,1.393147349357605,0.42380744218826294,0.47720247507095337,75.9344711303711,5.859683513641357,0.006678986828774214,0.026538999751210213,0.008937913924455643,0.07451926916837692,0.0003052448737435043,0.06314881145954132,0.2144763320684433,251.49276733398438,9.206304550170898,8.251813888549805,3.35
Sandra Belloni ,0.13950571417808533,32694.0,17.368560791015625,77.24535369873047,0.08231545239686966,0.04195432737469673,0.48433351516723633,0.5781466364860535,1.3959249258041382,0.4344307482242584,0.4883214235305786,74.63917541503906,6.299869537353516,0.003910179249942303,0.02273738756775856,0.003479047678411007,0.07187104225158691,0.0001146949507528916,0.0665951743721962,0.21568922698497772,250.10244750976562,9.172101974487305,8.265960693359375,3.35
Sandra Belloni ,0.1392381191253662,31816.0,17.821949005126953,80.18756866455078,0.08790593594312668,0.05263157933950424,0.41657334566116333,0.5659754872322083,1.3850306272506714,0.4499603509902954,0.49858346581459045,74.81717681884766,6.457056999206543,0.006915858015418053,0.026007993146777153,0.019589358940720558,0.06776691973209381,0.00011485890718176961,0.06248340755701065,0.2117616981267929,249.40280151367188,9.116559028625488,8.112319946289062,3.35
Sandra Belloni ,0.13257651031017303,35059.0,16.9859561920166,75.44939422607422,0.12348668277263641,0.051331717520952225,0.40726393461227417,0.5582502484321594,1.375242829322815,0.44317248463630676,0.4891016483306885,76.57584381103516,5.983982086181641,0.004288869444280863,0.0254763662815094,0.007046136073768139,0.0712568536400795,7.065795944072306e-05,0.06627556681632996,0.21158058941364288,233.32705688476562,9.154877662658691,8.087228775024414,3.35
Rhoda Fleming ,0.13275256752967834,40406.0,18.32094383239746,81.15548706054688,0.05621033534407616,0.04986400902271271,0.5045331120491028,0.5740813612937927,1.3668694496154785,0.43369215726852417,0.4821561574935913,76.37129974365234,6.235958576202393,0.014446530491113663,0.02252189628779888,0.015595509670674801,0.07609456777572632,6.206773105077446e-05,0.05995737016201019,0.2009127289056778,240.1207275390625,9.226590156555176,8.127225875854492,3.0
Rhoda Fleming ,0.12632699310779572,38527.0,18.15692710876465,77.4938735961914,0.07775682955980301,0.045240338891744614,0.6314797401428223,0.5603036880493164,1.3408219814300537,0.44227373600006104,0.4820505976676941,79.05131530761719,5.745549201965332,-0.0006476012640632689,0.022119080647826195,0.0008730611298233271,0.07103350013494492,6.666651461273432e-05,0.0576334111392498,0.20523318648338318,235.1462860107422,9.134041786193848,7.971959114074707,3.0
Rhoda Fleming ,0.13284634053707123,39700.0,16.605186462402344,73.30364227294922,0.051024675369262695,0.0552070252597332,0.5265579223632812,0.5672903060913086,1.374068260192871,0.44323310256004333,0.48986101150512695,77.14888763427734,5.788120269775391,0.0003005628241226077,0.02367137372493744,-0.0004442411009222269,0.07097508013248444,0.0002526868775021285,0.06279398500919342,0.21232487261295319,240.3483428955078,9.188045501708984,8.077682495117188,3.0
Rhoda Fleming ,0.12199410051107407,36969.0,15.984003067016602,68.18936157226562,0.043666236102581024,0.056204065680503845,0.5386943221092224,0.5564591288566589,1.3467813730239868,0.4441385567188263,0.4992426931858063,80.14945220947266,5.200204849243164,0.005514905788004398,0.024807283654808998,-0.005615865811705589,0.06774771213531494,3.4432105167070404e-05,0.06192987412214279,0.21632400155067444,224.44557189941406,9.02921199798584,7.91859769821167,3.0
Rhoda Fleming ,0.1195945218205452,35612.0,15.78679084777832,67.2021255493164,0.06294326484203339,0.05806737765669823,0.5172872543334961,0.5654850006103516,1.3367280960083008,0.4368789792060852,0.4858490526676178,81.15747833251953,5.021051406860352,-0.004633946344256401,0.028564712032675743,0.0065312436781823635,0.06575427949428558,7.147064025048167e-05,0.05907168239355087,0.21895426511764526,221.2805938720703,8.982341766357422,7.810482025146484,3.0
Rhoda Fleming ,0.06140203773975372,190808.0,16.990829467773438,73.4889144897461,0.05823168158531189,0.053334519267082214,0.5445641279220581,0.43196144700050354,1.35347580909729,0.4536266624927521,0.4882013201713562,78.7195816040039,5.610994815826416,0.002997166709974408,0.02492385357618332,0.003955317195504904,0.07038088887929916,9.959545423043892e-05,0.06034830957651138,0.2105850875377655,126.32427978515625,9.365631103515625,7.975879669189453,3.0
Evan Harrington ,0.14067719876766205,33225.0,16.906408309936523,75.76348114013672,0.12360122054815292,0.03814852610230446,0.49084433913230896,0.5560683012008667,1.3935832977294922,0.42941364645957947,0.4708350896835327,75.4046859741211,6.054217338562012,0.007893402129411697,0.025133967399597168,0.00526637164875865,0.07309618592262268,0.0009155800216831267,0.06298631429672241,0.20509710907936096,259.8232116699219,9.188133239746094,8.242162704467773,3.08
Evan Harrington ,0.15083442628383636,32897.0,18.42329216003418,83.18196868896484,0.08678611367940903,0.04759238660335541,0.4983202815055847,0.5726718902587891,1.3875067234039307,0.4244895875453949,0.4677109718322754,74.64974975585938,6.470115661621094,0.006495961919426918,0.020161600783467293,0.011576822027564049,0.07241315394639969,0.0003839712589979172,0.0587446428835392,0.20660389959812164,291.3959655761719,9.243633270263672,8.448893547058105,3.08
Evan Harrington ,0.16081246733665466,26192.0,17.258893966674805,78.6146240234375,0.06916996091604233,0.03754940629005432,0.47826087474823,0.5953786969184875,1.3927910327911377,0.431287944316864,0.47237372398376465,74.90653991699219,6.262029647827148,0.007111190352588892,0.024154258891940117,0.00480252830311656,0.0776415690779686,0.0006165702361613512,0.06346022337675095,0.21395336091518402,296.04229736328125,9.156792640686035,8.340903282165527,3.08
Evan Harrington ,0.14664670825004578,29404.0,16.230133056640625,73.22461700439453,0.08995585143566132,0.06015452370047569,0.4448123574256897,0.5614213347434998,1.3692858219146729,0.4271777868270874,0.47207796573638916,77.8331527709961,5.624228000640869,0.008607089519500732,0.027886925265192986,0.01082872599363327,0.07623553276062012,0.0003831027715932578,0.06418929994106293,0.211722731590271,267.32275390625,9.078993797302246,8.102431297302246,3.08
Evan Harrington ,0.13766558468341827,34424.0,15.64198112487793,70.05860900878906,0.08587005734443665,0.054975010454654694,0.49795547127723694,0.5696231722831726,1.3776416778564453,0.4248825013637543,0.4706229567527771,77.78324127197266,5.470384120941162,0.005982030648738146,0.02340499870479107,0.004663482308387756,0.07638683170080185,0.00022131018340587616,0.06067436933517456,0.21300525963306427,247.0914306640625,9.1558837890625,8.11331844329834,3.08
Evan Harrington ,0.14762364327907562,26974.0,15.065326690673828,67.24790954589844,0.0993858203291893,0.07035175710916519,0.4734784960746765,0.5796472430229187,1.3724968433380127,0.4324069023132324,0.48466601967811584,78.58087158203125,5.270437717437744,0.003225062508136034,0.02845068648457527,0.008165540173649788,0.07310257107019424,9.336794028058648e-05,0.06736034154891968,0.2282692939043045,271.2055969238281,9.076435089111328,8.066177368164062,3.08
Evan Harrington ,0.14627166092395782,31797.0,15.33172607421875,68.97348022460938,0.10462873429059982,0.054484087973833084,0.4768563210964203,0.5679271817207336,1.3941318988800049,0.42396849393844604,0.4685353636741638,76.56511688232422,5.596981048583984,0.0008089957991614938,0.02805820107460022,0.00043836236000061035,0.07504161447286606,0.00047643997822888196,0.062058497220277786,0.22008290886878967,261.906982421875,9.207725524902344,8.33320426940918,3.08
Evan Harrington ,0.0614842027425766,214364.0,16.378992080688477,73.76768493652344,0.09511077404022217,0.05240641534328461,0.48220014572143555,0.41498976945877075,1.383723497390747,0.440714031457901,0.47245511412620544,76.58350372314453,5.8054351806640625,0.006087332032620907,0.026016036048531532,0.0025274979416280985,0.0747097060084343,0.0004174386849626899,0.06275097280740738,0.21392248570919037,124.91462707519531,9.487001419067383,8.225186347961426,3.08
Beauchamp's Career ,0.1736319214105606,34026.0,19.585731506347656,93.34004974365234,0.0471806675195694,0.033947065472602844,0.3981587886810303,0.5985520482063293,1.444130539894104,0.4356103837490082,0.4767622649669647,68.12488555908203,7.8047332763671875,0.007362497970461845,0.019810784608125687,0.007956607267260551,0.07483665645122528,0.0010241706622764468,0.05234011635184288,0.19064182043075562,341.4211730957031,9.333231925964355,8.74842643737793,3.83
Beauchamp's Career ,0.1656833291053772,33220.0,19.46221351623535,92.15348815917969,0.05741066113114357,0.04920914024114609,0.49560633301734924,0.5972006320953369,1.4605485200881958,0.43939879536628723,0.4817041754722595,67.05519104003906,7.875790596008301,0.009685386903584003,0.019266881048679352,0.009957769885659218,0.07952903211116791,0.0002933572104666382,0.05569598823785782,0.18622830510139465,322.60833740234375,9.289103507995605,8.749622344970703,3.83
Beauchamp's Career ,0.1600271463394165,35369.0,18.676345825195312,88.26029205322266,0.05385427549481392,0.05860612541437149,0.5073917508125305,0.5983167290687561,1.435546875,0.4324627220630646,0.4828403890132904,70.02233123779297,7.253402233123779,0.006059887818992138,0.02141951397061348,0.005812584422528744,0.07094306498765945,0.0006278004148043692,0.0547591969370842,0.19657456874847412,302.2322998046875,9.275500297546387,8.673548698425293,3.83
Beauchamp's Career ,0.15276847779750824,35832.0,19.819690704345703,94.38218688964844,0.05199114978313446,0.04646017774939537,0.4347345232963562,0.5708715319633484,1.4538874626159668,0.4391157627105713,0.47921809554100037,67.23625946044922,7.944141387939453,0.007161150220781565,0.016908518970012665,0.002495857886970043,0.07071835547685623,0.0002705748484004289,0.05502569302916527,0.2005545198917389,281.6120910644531,9.236767768859863,8.67540454864502,3.83
Beauchamp's Career ,0.1563393771648407,31470.0,17.921981811523438,84.22039031982422,0.061503417789936066,0.0461275614798069,0.46981775760650635,0.5916321873664856,1.4226038455963135,0.4445470869541168,0.4827492833137512,71.53862762451172,6.93878698348999,-0.001189161092042923,0.023387456312775612,-0.003856442868709564,0.06807731091976166,0.0005801914958283305,0.054732538759708405,0.1990872025489807,294.24346923828125,9.110594749450684,8.475201606750488,3.83
Beauchamp's Career ,0.1460680067539215,38263.0,17.2831974029541,80.027099609375,0.0672990083694458,0.036133695393800735,0.48148149251937866,0.5658676624298096,1.4152193069458008,0.44547468423843384,0.4906438887119293,72.7750473022461,6.616620063781738,0.0022176168859004974,0.02438720129430294,0.001005719299428165,0.06912542134523392,0.0004798189620487392,0.05226800963282585,0.19877168536186218,271.5926513671875,9.199234008789062,8.35319709777832,3.83
Beauchamp's Career ,0.16766388714313507,22897.0,15.945682525634766,72.41712951660156,0.06476323306560516,0.04247910901904106,0.4665738046169281,0.6047753095626831,1.372220754623413,0.4419853389263153,0.48716017603874207,77.61585998535156,5.646946907043457,0.0055044349282979965,0.02635853737592697,0.010807039216160774,0.06799833476543427,0.0008613986428827047,0.05642273277044296,0.20130276679992676,328.6605529785156,8.99161148071289,8.105091094970703,3.83
One of Our Conquerors ,0.16436615586280823,45642.0,21.00920295715332,99.64933013916016,0.06442706286907196,0.030372757464647293,0.4537505805492401,0.586678147315979,1.4586752653121948,0.42878851294517517,0.48096004128456116,66.01305389404297,8.3150053024292,0.01599041558802128,0.02023264206945896,0.021702520549297333,0.07895060628652573,0.0002681915066204965,0.049934469163417816,0.170158252120018,329.088623046875,9.492637634277344,8.805886268615723,4.2
One of Our Conquerors ,0.18721263110637665,30014.0,23.036069869995117,111.76899719238281,0.05986185744404793,0.027628550305962563,0.37068304419517517,0.6095812916755676,1.4777042865753174,0.4387356638908386,0.4767529368400574,62.168548583984375,9.398183822631836,0.009831239469349384,0.01982278749346733,0.010080824606120586,0.07630421221256256,0.0006342014530673623,0.052758727222681046,0.170683354139328,395.75286865234375,9.33092212677002,9.011733055114746,4.2
One of Our Conquerors ,0.17718014121055603,36477.0,20.06545639038086,96.19197082519531,0.06875687837600708,0.042904291301965714,0.3751375079154968,0.6029825806617737,1.481926441192627,0.421296626329422,0.4673938453197479,64.82929229736328,8.288399696350098,0.010906093753874302,0.019412599503993988,0.0036913445219397545,0.07860635221004486,0.00043633609311655164,0.054876748472452164,0.177418053150177,363.5932312011719,9.47097110748291,8.982090950012207,4.2
One of Our Conquerors ,0.13905836641788483,45729.0,17.815349578857422,82.4292984008789,0.06700428575277328,0.027658745646476746,0.41410207748413086,0.5557795763015747,1.4189743995666504,0.43896377086639404,0.48669007420539856,72.04004669189453,6.821279525756836,0.005930368788540363,0.0240323506295681,0.0021629633847624063,0.07570647448301315,0.00024127915094140917,0.056726131588220596,0.1931527554988861,262.3807067871094,9.291192054748535,8.360331535339355,4.2
One of Our Conquerors ,0.15880197286605835,34924.0,17.13739013671875,79.46319580078125,0.0726202130317688,0.028949951753020287,0.43375858664512634,0.5894960165023804,1.4399675130844116,0.42766815423965454,0.47344446182250977,70.91033172607422,6.820664882659912,0.008493578992784023,0.021033573895692825,0.013779007829725742,0.07560829818248749,0.0003531408146955073,0.05540845915675163,0.18886196613311768,312.66265869140625,9.269278526306152,8.47085952758789,4.2
One of Our Conquerors ,0.08143937587738037,191750.0,20.406938552856445,96.5409164428711,0.06895817816257477,0.0321379154920578,0.42768970131874084,0.44788411259651184,1.4531961679458618,0.44516050815582275,0.47811412811279297,66.90240478515625,8.086738586425781,0.010350030846893787,0.021672459319233894,0.012749568559229374,0.07711278647184372,0.00036233029095456004,0.054057154804468155,0.1806122064590454,167.24307250976562,9.664283752441406,8.728620529174805,4.2
Lord Ormont and His Aminta ,0.1674695611000061,29892.0,21.465900421142578,100.94257354736328,0.027997128665447235,0.03445800393819809,0.3689877986907959,0.6068893671035767,1.4187840223312378,0.4404398202896118,0.47500893473625183,68.4812240600586,8.192649841308594,0.021668272092938423,0.01981225050985813,0.019417351111769676,0.07249103486537933,0.0003578815085347742,0.048910655081272125,0.18208201229572296,330.57861328125,9.223273277282715,8.508194923400879,4.0
Lord Ormont and His Aminta ,0.19224199652671814,22248.0,20.063119888305664,94.26239776611328,0.06492335349321365,0.04418395087122917,0.3841298520565033,0.6252484917640686,1.426688313484192,0.4372851550579071,0.47681042551994324,69.26473236083984,7.7279253005981445,0.01726117916405201,0.0179453045129776,0.01877702586352825,0.07746528089046478,0.000379731907742098,0.05234873294830322,0.1914934664964676,393.67144775390625,9.201555252075195,8.579167366027832,4.0
Lord Ormont and His Aminta ,0.18038135766983032,23600.0,17.77183723449707,82.26957702636719,0.03313253074884415,0.03313253074884415,0.47213855385780334,0.6214375495910645,1.3912773132324219,0.43596455454826355,0.47964364290237427,74.3772201538086,6.496756076812744,0.014396950602531433,0.02443372830748558,0.010110628791153431,0.0723649337887764,0.0010877643944695592,0.050246160477399826,0.193265900015831,360.0528259277344,9.138444900512695,8.252314567565918,4.0
Lord Ormont and His Aminta ,0.17678141593933105,25738.0,17.665752410888672,82.64653778076172,0.05078929290175438,0.028826355934143066,0.42896363139152527,0.6066193580627441,1.4038524627685547,0.4470721185207367,0.4853765368461609,73.27738952636719,6.658966541290283,0.00725856889039278,0.019102340564131737,0.005242891144007444,0.06447851657867432,4.714773240266368e-05,0.047805313020944595,0.1875944584608078,356.97772216796875,9.100066184997559,8.234505653381348,4.0
Lord Ormont and His Aminta ,0.17180335521697998,28131.0,18.16204071044922,84.46029663085938,0.04841833561658859,0.029051000252366066,0.4377017319202423,0.5966237187385559,1.4016849994659424,0.4387214183807373,0.48083817958831787,73.08641815185547,6.777223587036133,0.015228011645376682,0.022140417248010635,0.019356267526745796,0.07189736515283585,0.0004752666864078492,0.05020729452371597,0.18825609982013702,339.30938720703125,9.194787979125977,8.290836334228516,4.0
Lord Ormont and His Aminta ,0.09247437119483948,128760.0,19.07421112060547,89.14205169677734,0.044882237911224365,0.033772774040699005,0.4220115542411804,0.48639488220214844,1.4079481363296509,0.4550616443157196,0.4803405702114105,71.68931579589844,7.184355735778809,0.01442475151270628,0.02134890668094158,0.015507102943956852,0.071445994079113,0.00047824453213252127,0.0500468872487545,0.1882595717906952,177.02723693847656,9.493768692016602,8.35887336730957,4.0
The Amazing Marriage ,0.15821900963783264,37979.0,22.63945198059082,106.91596984863281,0.05780691280961037,0.020858164876699448,0.37544697523117065,0.5758768916130066,1.3840190172195435,0.4519282579421997,0.4879017174243927,70.39787292480469,8.176060676574707,0.0075352806597948074,0.01848314329981804,0.012502442114055157,0.07234185934066772,0.00018758529040496796,0.0494576096534729,0.18548168241977692,301.42071533203125,9.27306842803955,8.347880363464355,3.56
The Amazing Marriage ,0.15659132599830627,36988.0,18.348215103149414,85.33482360839844,0.0441468246281147,0.02678571455180645,0.403769850730896,0.5788792371749878,1.3940078020095825,0.4336939752101898,0.4691224694252014,73.52589416503906,6.767328262329102,0.013448699377477169,0.017078325152397156,0.017202455550432205,0.07292313128709793,6.549403042299673e-05,0.04928125441074371,0.18595892190933228,307.0904235839844,9.310444831848145,8.303325653076172,3.56
The Amazing Marriage ,0.17294269800186157,33381.0,19.098398208618164,90.56693267822266,0.042334094643592834,0.03947368264198303,0.41762012243270874,0.6086634397506714,1.4396713972091675,0.434362530708313,0.47028806805610657,68.99390411376953,7.563156604766846,0.00974408257752657,0.01987333782017231,0.014875589869916439,0.07411960512399673,0.0003980915353167802,0.04943722113966942,0.18569722771644592,348.8680114746094,9.313003540039062,8.563497543334961,3.56
The Amazing Marriage ,0.16343428194522858,35990.0,17.800691604614258,82.56379699707031,0.03956478834152222,0.031651828438043594,0.4559841752052307,0.5914114713668823,1.4021459817886353,0.43468624353408813,0.48002979159355164,73.38301086425781,6.653719902038574,0.003430289449170232,0.01867920346558094,0.01316642202436924,0.07406154274940491,3.386129537830129e-05,0.050401076674461365,0.18417227268218994,321.358154296875,9.350663185119629,8.425230979919434,3.56
The Amazing Marriage ,0.1543465107679367,41355.0,20.05674171447754,95.53103637695312,0.04316197708249092,0.02812803164124489,0.45732298493385315,0.5738579630851746,1.4340778589248657,0.4363347291946411,0.4697475731372833,68.56564331054688,7.843530654907227,0.001692523481324315,0.021456049755215645,-0.004999048076570034,0.07447858154773712,0.0002904706634581089,0.04650565981864929,0.18146176636219025,297.9219055175781,9.36081314086914,8.606700897216797,3.56
The Amazing Marriage ,0.07978996634483337,184735.0,19.72770881652832,92.82691192626953,0.04527496173977852,0.029684998095035553,0.4271222651004791,0.4517406225204468,1.4103552103042603,0.4519885778427124,0.4758756458759308,70.8961410522461,7.439279556274414,0.007407189346849918,0.019289180636405945,-0.005434128921478987,0.07349499315023422,0.00019560474902391434,0.0491422601044178,0.1846698373556137,165.2131805419922,9.60867977142334,8.44675350189209,3.56
Celt and Saxon ,0.1561184823513031,37068.0,20.899097442626953,97.21589660644531,0.07102593034505844,0.034385569393634796,0.5332581996917725,0.5903435349464417,1.4063727855682373,0.45885083079338074,0.49584096670150757,70.38459014892578,7.718299388885498,0.01280423253774643,0.02268770895898342,0.013207866810262203,0.06919942051172256,0.00016374756523873657,0.05072861909866333,0.18224996328353882,306.5602722167969,9.188555717468262,8.351930618286133,3.3
Celt and Saxon ,0.16031059622764587,42112.0,20.745319366455078,99.60492706298828,0.05123152583837509,0.028078816831111908,0.4211822748184204,0.5769532918930054,1.4552663564682007,0.4469132125377655,0.48200175166130066,66.0649642944336,8.365645408630371,0.014546708203852177,0.02126360684633255,0.013863793574273586,0.0776308923959732,0.0001416115992469713,0.05109322816133499,0.18097884953022003,311.0681457519531,9.407280921936035,8.732368469238281,3.3
Celt and Saxon ,0.12065403163433075,78895.0,21.1021671295166,99.97432708740234,0.06097887083888054,0.03155924007296562,0.4779352843761444,0.5272377729415894,1.432497501373291,0.4655696749687195,0.4887571930885315,67.82633972167969,8.160322189331055,0.013257850892841816,0.021690664812922478,0.011237433180212975,0.07384110242128372,0.0001523436512798071,0.05103517696261406,0.181685209274292,227.9896697998047,9.457396507263184,8.562423706054688,3.3
The Case of General Ople and Lady Camper,0.16112886369228363,23776.0,18.93232536315918,88.11943054199219,0.03742038086056709,0.023885350674390793,0.40684711933135986,0.58984375,1.455203890800476,0.4439695179462433,0.48499947786331177,67.99386596679688,7.6257853507995605,0.02198261208832264,0.02566429413855076,0.023719532415270805,0.08584577590227127,5.1379447540966794e-05,0.06123759597539902,0.2011292278766632,307.74810791015625,8.933480262756348,8.294723510742188,3.11
The Tale of Chloe,0.16911737620830536,27679.0,18.404254913330078,84.28058624267578,0.0625,0.026595745235681534,0.5106382966041565,0.6088544130325317,1.4028112888336182,0.4447143077850342,0.5028112530708313,73.03340148925781,6.774276256561279,0.015497105196118355,0.028504354879260063,0.010846399702131748,0.07224836200475693,8.924816211219877e-05,0.05413035303354263,0.19550205767154694,337.0691833496094,9.122077941894531,8.474188804626465,1.0
The House on the Beach,0.1270194947719574,39490.0,18.3172550201416,81.95825958251953,0.05612244829535484,0.03246753290295601,0.5524118542671204,0.5672014951705933,1.3831708431243896,0.4389278292655945,0.48232147097587585,74.85267639160156,6.481925964355469,0.004949253052473068,0.026097847148776054,-0.003964775241911411,0.0728239119052887,0.00031456712167710066,0.05687493458390236,0.20164188742637634,233.88119506835938,9.096134185791016,8.283309936523438,3.88
The Gentleman of Fifty and The Damsel of Nineteen (An early uncompleted fragment),0.19118696451187134,16816.0,18.87542152404785,86.55331420898438,0.047138046473264694,0.047138046473264694,0.2929292917251587,0.6312664747238159,1.3929256200790405,0.46375125646591187,0.5132466554641724,72.95512390136719,7.009047508239746,0.008218064904212952,0.02811598964035511,0.008218064904212952,0.0824684128165245,0.000923383398912847,0.06350287050008774,0.20748645067214966,377.3311767578125,8.969304084777832,8.548593521118164,5.0
Complete Short Works of George Meredith,0.07829876244068146,201242.0,19.533384323120117,91.39208221435547,0.0857919231057167,0.03639363497495651,0.4103260934352875,0.45668405294418335,1.4218534231185913,0.44844576716423035,0.48510241508483887,70.23065185546875,7.456900596618652,0.012360484339296818,0.025443624705076218,0.03047083504498005,0.08047456294298172,0.0003984817012678832,0.055877603590488434,0.19136035442352295,151.49072265625,9.71407413482666,8.618407249450684,3.75
Born in Exile,0.06278062611818314,186857.0,17.184926986694336,82.12591552734375,0.03713235259056091,0.05891543999314308,0.46709558367729187,0.4247472286224365,1.4597727060317993,0.4588170349597931,0.46688348054885864,69.02486419677734,7.135034561157227,0.007454809732735157,0.022032488137483597,0.008270283229649067,0.08089188486337662,0.00033240608172491193,0.068794846534729,0.20006251335144043,117.43207550048828,9.507098197937012,8.452951431274414,3.63
Love and Life,0.07601828873157501,125996.0,23.707996368408203,107.83800506591797,0.08372530341148376,0.03160865604877472,0.6075258851051331,0.4581024646759033,1.3698338270187378,0.45333772897720337,0.47734200954437256,71.2121353149414,8.156916618347168,0.008930806070566177,0.018779994919896126,0.014741809107363224,0.08700400590896606,0.000251597462920472,0.06782466918230057,0.2005031853914261,136.55239868164062,9.370597839355469,8.133203506469727,4.31
Stories by English Authors,0.11163467168807983,51570.0,20.075515747070312,90.52316284179688,0.03425457328557968,0.027637213468551636,0.563254177570343,0.5246084928512573,1.375048279762268,0.4513702094554901,0.489452600479126,74.13632202148438,6.925363063812256,0.0024849558249115944,0.020401977002620697,0.015415696427226067,0.07284434884786606,0.00016895760199986398,0.06661681085824966,0.2000434547662735,205.98728942871094,9.216224670410156,8.016164779663086,3.16
Stories by English Authors,0.13506300747394562,47215.0,26.466367721557617,120.51065063476562,0.025224214419722557,0.025224214419722557,0.5213004350662231,0.5578629970550537,1.3791732788085938,0.44627922773361206,0.466966450214386,68.39531707763672,9.045853614807129,-0.003672295482829213,0.017778592184185982,-0.007210451178252697,0.07940267026424408,5.2293366024969146e-05,0.0674283429980278,0.18968339264392853,247.59190368652344,9.397217750549316,8.643193244934082,3.16
Stories by English Authors,0.1276371330022812,39816.0,19.63085174560547,88.20404052734375,0.03597831353545189,0.026614096015691757,0.42730408906936646,0.5457393527030945,1.348112940788269,0.45791906118392944,0.4822031259536743,76.48161315917969,6.581951141357422,0.005071069113910198,0.018862586468458176,0.0037105779629200697,0.07425834238529205,0.00033752844319678843,0.07060655206441879,0.19104601442813873,235.22853088378906,9.22881031036377,7.969578266143799,3.16
The Caxtons,0.1914779394865036,11171.0,20.57826805114746,88.75875091552734,0.08655616641044617,0.02946593053638935,0.5745856165885925,0.6390793323516846,1.3807035684585571,0.4134941101074219,0.4782305955886841,73.92767333984375,6.888434886932373,0.031021347269415855,0.029768062755465508,0.031021347269415855,0.08337098360061646,3.918825797200043e-08,0.06525839865207672,0.1883421689271927,430.56158447265625,8.807276725769043,8.025634765625,3.62
The Caxtons,0.23579858243465424,12710.0,27.75545883178711,133.35153198242188,0.12882095575332642,0.05021834000945091,0.36681222915649414,0.6702625155448914,1.4625242948532104,0.420041561126709,0.4601941704750061,60.27902603149414,10.438529014587402,0.028067022562026978,0.017943115904927254,0.028067022562026978,0.09369741380214691,0.0009708738070912659,0.06311313062906265,0.1706978976726532,564.4022827148438,9.15692138671875,9.186955451965332,3.62
The Caxtons,0.1855911761522293,14505.0,22.387346267700195,98.51851654052734,0.08179012686014175,0.046296294778585434,0.5586419701576233,0.6369675397872925,1.363730788230896,0.42741477489471436,0.4706696569919586,73.35941314697266,7.458226680755615,0.016266679391264915,0.015335300005972385,0.016266679391264915,0.07614585012197495,0.0003461646265350282,0.06636641919612885,0.18516790866851807,398.4397888183594,8.904793739318848,8.043129920959473,3.62
The Caxtons,0.24366922676563263,9517.0,21.87816047668457,98.94712829589844,0.09885057806968689,0.0436781607568264,0.5080459713935852,0.6760435700416565,1.39992094039917,0.41091012954711914,0.47125527262687683,70.70569610595703,7.728514671325684,0.01921655610203743,0.020432617515325546,0.01921655610203743,0.08136552572250366,0.00026375873130746186,0.06237689405679703,0.17077863216400146,633.8352661132812,8.95280933380127,8.719411849975586,3.62
The Caxtons,0.19816528260707855,12318.0,20.955781936645508,92.71258544921875,0.095238097012043,0.027210883796215057,0.5187074542045593,0.6339055895805359,1.378002643585205,0.4164621829986572,0.46856793761253357,73.36865234375,7.15915584564209,0.027299655601382256,0.027623042464256287,0.027299655601382256,0.0837249681353569,0.00010224509605905041,0.06603929400444031,0.18799661099910736,439.8418273925781,8.941669464111328,8.3353910446167,3.62
The Caxtons,0.1989998072385788,10598.0,20.88976287841797,90.95669555664062,0.08267716318368912,0.03740157559514046,0.4724409580230713,0.654075562953949,1.3817684650421143,0.42980316281318665,0.48446983098983765,73.14793395996094,7.165989398956299,0.028607798740267754,0.016078965738415718,0.028607798740267754,0.08033841848373413,0.00035702751483768225,0.062009524554014206,0.1860273778438568,439.5343322753906,8.785165786743164,8.115540504455566,3.62
The Caxtons,0.17903877794742584,16812.0,24.226224899291992,110.50288391113281,0.12247838824987411,0.044668588787317276,0.3386167287826538,0.623704195022583,1.4031469821929932,0.453357994556427,0.47858887910842896,67.77318572998047,8.78848934173584,0.01387070957571268,0.01948889158666134,0.01387070957571268,0.08744649589061737,0.00021557386207859963,0.07336269319057465,0.18172051012516022,352.1890563964844,9.005165100097656,8.510078430175781,3.62
The Caxtons,0.19577085971832275,13005.0,24.085186004638672,108.39629364013672,0.12037037312984467,0.05925925821065903,0.4333333373069763,0.6361780166625977,1.3838011026382446,0.45922163128852844,0.5020319223403931,69.87705993652344,8.38068675994873,0.010573127306997776,0.02812529355287552,0.010573127306997776,0.08279816806316376,2.0373676079543657e-08,0.07164477556943893,0.18298664689064026,425.087158203125,8.891956329345703,8.506265640258789,3.62
The Caxtons,0.18313997983932495,12930.0,23.38517189025879,101.54068756103516,0.16817359626293182,0.04701627418398857,0.5027124881744385,0.639120876789093,1.3685894012451172,0.4456985890865326,0.49626755714416504,72.11973571777344,7.833948612213135,0.0035526002757251263,0.021439576521515846,0.0035526002757251263,0.07892222702503204,0.00029083859408274293,0.07746695727109909,0.1881903111934662,386.9139099121094,8.82129955291748,8.218713760375977,3.62
The Caxtons,0.2018076777458191,13498.0,28.0665283203125,126.71309661865234,0.11642411351203918,0.04573804512619972,0.4719334840774536,0.6583143472671509,1.3743668794631958,0.4506372809410095,0.47413170337677,67.23333740234375,9.591853141784668,0.0035252762027084827,0.02240370586514473,0.0035252762027084827,0.08385301381349564,0.00027137217693962157,0.06648674607276917,0.18209010362625122,442.0378723144531,8.99972152709961,8.624105453491211,3.62
The Caxtons,0.19199198484420776,14985.0,26.858423233032227,122.49462127685547,0.1111111119389534,0.04659498110413551,0.5573476552963257,0.6355344653129578,1.4293233156204224,0.4316212832927704,0.47694236040115356,64.14086151123047,9.642144203186035,0.005598660092800856,0.020936651155352592,0.005598660092800856,0.08689088374376297,0.0008354445453733206,0.06383178383111954,0.18155239522457123,410.64202880859375,9.008322715759277,8.649978637695312,3.62
The Caxtons,0.21185889840126038,13863.0,31.2979679107666,147.4604949951172,0.1218961626291275,0.05869074538350105,0.40857788920402527,0.6574704647064209,1.3995939493179321,0.44492441415786743,0.49209991097450256,62.47238540649414,10.898820877075195,0.01637822389602661,0.01813489943742752,0.01637822389602661,0.09039516746997833,0.0001766118366504088,0.06453030556440353,0.16843336820602417,461.39862060546875,9.088451385498047,8.829790115356445,3.62
The Caxtons,0.24044640362262726,8871.0,30.491409301757812,139.7182159423828,0.06529209762811661,0.05498281866312027,0.47422680258750916,0.683057427406311,1.3723548650741577,0.45449796319007874,0.48372218012809753,65.02044677734375,10.483787536621094,0.0010807985672727227,0.01548799779266119,0.0010807985672727227,0.08519946038722992,2.3957111849881585e-08,0.06159312650561333,0.1732458472251892,582.5429077148438,8.846590042114258,8.754858016967773,3.62
The Caxtons,0.1780756711959839,14696.0,22.824533462524414,100.11956787109375,0.1801242232322693,0.05590062215924263,0.5341615080833435,0.6176000237464905,1.3615331649780273,0.44821882247924805,0.4915485680103302,73.18701171875,7.569973945617676,-0.006280296947807074,0.0204079020768404,-0.006280296947807074,0.07820430397987366,0.0002561038127169013,0.07197042554616928,0.1847510039806366,377.2949523925781,8.869301795959473,8.326462745666504,3.62
The Caxtons,0.17219041287899017,13276.0,26.08448028564453,116.17877960205078,0.11198428273200989,0.04911591485142708,0.4616895914077759,0.5959367752075195,1.3469537496566772,0.4619470238685608,0.49464040994644165,71.1170425415039,8.667217254638672,-0.008538015186786652,0.020849080756306648,-0.008538015186786652,0.07183492183685303,2.3463472942353292e-08,0.06670379638671875,0.19763489067554474,347.517578125,8.771162986755371,8.393377304077148,3.62
The Caxtons,0.17925210297107697,17997.0,27.779321670532227,131.2515411376953,0.10030864179134369,0.06018518656492233,0.37037035822868347,0.5984531044960022,1.3982675075531006,0.46259376406669617,0.4763604998588562,64.85353088378906,10.011362075805664,0.01719309575855732,0.016430629417300224,0.01719309575855732,0.07558499276638031,6.612444849452004e-05,0.06685622781515121,0.18198753893375397,365.343017578125,8.960864067077637,8.856675148010254,3.62
The Caxtons,0.20862579345703125,12822.0,24.287878036499023,110.88068389892578,0.17803029716014862,0.06818182021379471,0.4431818127632141,0.6443564295768738,1.387291669845581,0.4349166750907898,0.47626936435699463,69.74490356445312,8.359189987182617,0.025183681398630142,0.018828852102160454,0.025183681398630142,0.08469697088003159,6.4442500224970445e-09,0.06403536349534988,0.1694943904876709,466.3526916503906,9.013259887695312,8.519828796386719,3.62
The Caxtons,0.20384332537651062,17641.0,29.95246124267578,139.73513793945312,0.1714770793914795,0.04584040865302086,0.3853989839553833,0.6403127908706665,1.3979578018188477,0.4384995698928833,0.47354716062545776,63.421966552734375,10.567837715148926,0.011819176375865936,0.01853848434984684,0.011819176375865936,0.09286490827798843,0.0005482456181198359,0.0652456134557724,0.16455383598804474,445.54461669921875,9.226452827453613,9.045451164245605,3.62
Pelham ,0.15477512776851654,28816.0,26.982210159301758,124.44475555419922,0.04400749132037163,0.034644193947315216,0.4737827777862549,0.5921145081520081,1.4501136541366577,0.440147340297699,0.47189468145370483,61.989803314208984,10.038166999816895,0.018040617927908897,0.023087026551365852,0.018066251650452614,0.09514611959457397,0.0037302467972040176,0.07164881378412247,0.18150171637535095,287.43121337890625,9.312355995178223,9.068803787231445,3.77
Pelham ,0.17243526875972748,22478.0,24.892580032348633,113.28128814697266,0.03654485195875168,0.023255813866853714,0.4761904776096344,0.6069021224975586,1.4392926692962646,0.4392581582069397,0.47825366258621216,64.73150634765625,9.208768844604492,0.013758821412920952,0.01772231049835682,0.013758821412920952,0.08754324913024902,0.0034265669528394938,0.0726207047700882,0.1813860982656479,344.4471130371094,9.242938041687012,9.20380687713623,3.77
Pelham ,0.16268391907215118,27661.0,25.803171157836914,118.35167694091797,0.043843284249305725,0.028917910531163216,0.4981343150138855,0.5982906222343445,1.4575574398040771,0.4331498444080353,0.4800668954849243,62.5780143737793,9.658020973205566,0.02506226859986782,0.01704671047627926,0.024978775531053543,0.08954472839832306,0.0012657487532123923,0.06816455721855164,0.1850109100341797,326.07489013671875,9.307042121887207,9.24141788482666,3.77
Pelham ,0.1631888747215271,28035.0,24.91740608215332,113.44849395751953,0.047957371920347214,0.01332149188965559,0.4413854479789734,0.5966078639030457,1.4326133728027344,0.43981218338012695,0.4855647683143616,65.30976104736328,9.124882698059082,0.019341235980391502,0.014450428076088428,0.015037741512060165,0.08634926378726959,0.0019513621227815747,0.06328742951154709,0.17895184457302094,323.4815673828125,9.273331642150879,9.01476001739502,3.77
Pelham ,0.17404016852378845,25994.0,31.321687698364258,146.03253173828125,0.04939759150147438,0.04457831382751465,0.44096386432647705,0.6050823926925659,1.4457422494888306,0.44956037402153015,0.4910656213760376,58.245269775390625,11.567468643188477,0.00405552564188838,0.012931294739246368,0.00405552564188838,0.08408963680267334,0.001442622160539031,0.0613337978720665,0.17273983359336853,362.2550048828125,9.252744674682617,9.404964447021484,3.77
Pelham ,0.16486433148384094,25245.0,30.234729766845703,138.66946411132812,0.03712574765086174,0.0586826354265213,0.4694610834121704,0.6100174188613892,1.444077491760254,0.45668503642082214,0.4946821331977844,59.63626480102539,11.06746768951416,0.012814324349164963,0.017442336305975914,0.012814324349164963,0.0903833732008934,0.00233118562027812,0.07153908908367157,0.18164114654064178,320.2107238769531,9.235998153686523,9.30730152130127,3.77
Pelham ,0.14572970569133759,28546.0,32.11136245727539,149.8920135498047,0.04611923545598984,0.02699662558734417,0.4161979854106903,0.5539264678955078,1.4238860607147217,0.4726506471633911,0.49800530076026917,59.18616485595703,11.658504486083984,-0.001846517319791019,0.013598519377410412,-0.002745217876508832,0.07626466453075409,0.00033604883356019855,0.07030074298381805,0.18272295594215393,280.741943359375,9.066573143005371,9.394495010375977,3.77
Pelham ,0.15435951948165894,25473.0,32.12232208251953,145.37579345703125,0.04918032884597778,0.027742749080061913,0.45523330569267273,0.5779889225959778,1.3930641412734985,0.45767542719841003,0.4889591336250305,62.2602653503418,11.115533828735352,0.0035008343402296305,0.014422417618334293,0.0035008343402296305,0.07798420637845993,0.00033531332155689597,0.06936199218034744,0.18796679377555847,293.0557556152344,9.135972023010254,8.996253967285156,3.77
Pelham ,0.06725070625543594,212087.0,28.594635009765625,130.85589599609375,0.043677542358636856,0.030466433614492416,0.46521973609924316,0.45184072852134705,1.435650110244751,0.44910815358161926,0.48648038506507874,61.74693298339844,10.430973052978516,0.01211232878267765,0.015765374526381493,0.002846192568540573,0.08584856986999512,0.0018238474149256945,0.06847856193780899,0.18155187368392944,136.71630859375,9.630682945251465,9.197958946228027,3.77
The Disowned ,0.16446685791015625,27957.0,27.87537384033203,131.5872344970703,0.023928215727210045,0.03290129452943802,0.4307078719139099,0.5789830684661865,1.4477037191390991,0.43042612075805664,0.4737095534801483,61.2449951171875,10.374249458312988,0.019906317815184593,0.013175752013921738,0.019906317815184593,0.08979842811822891,0.00013142261013854295,0.06654999405145645,0.16221626102924347,340.39923095703125,9.30411148071289,8.942864418029785,4.13
The Disowned ,0.17380791902542114,25229.0,33.32761001586914,160.31044006347656,0.09775429219007492,0.03963011875748634,0.32628798484802246,0.5738011598587036,1.4677586555480957,0.45274031162261963,0.4811258614063263,54.17557907104492,12.675311088562012,0.008777495473623276,0.018107647076249123,0.008777495473623276,0.08750305324792862,9.414154919795692e-05,0.06505066901445389,0.16963957250118256,359.70819091796875,9.258584022521973,9.447635650634766,4.13
The Disowned ,0.1541801244020462,27870.0,28.040241241455078,129.32696533203125,0.08350100368261337,0.05130784586071968,0.48591548204421997,0.5777401924133301,1.4440964460372925,0.42365527153015137,0.4618585407733917,61.84123611450195,10.219844818115234,0.01584312506020069,0.01979062519967556,0.015738334506750107,0.09069336950778961,0.00022370784427039325,0.07064852118492126,0.18527893722057343,303.3000183105469,9.26709270477295,8.970050811767578,4.13
The Disowned ,0.15917246043682098,27310.0,26.465116500854492,123.4563980102539,0.10368216782808304,0.05232558026909828,0.44186046719551086,0.5797582268714905,1.4521338939666748,0.4381254017353058,0.47168290615081787,61.99871063232422,9.992912292480469,0.014331967569887638,0.02120199427008629,0.013631896115839481,0.08410533517599106,0.0020130726043134928,0.07520222663879395,0.17952872812747955,309.7705993652344,9.272747993469238,9.11504077911377,4.13
The Disowned ,0.15884225070476532,27329.0,26.586576461791992,122.65272521972656,0.14202333986759186,0.06225680932402611,0.3910505771636963,0.5812188982963562,1.4175721406936646,0.4390835464000702,0.4761010408401489,64.82622528076172,9.622126579284668,-0.003397630527615547,0.02510729432106018,-0.0035035694018006325,0.0869700014591217,0.0008049189927987754,0.0693080797791481,0.1806921362876892,306.486328125,9.290325164794922,8.851418495178223,4.13
The Disowned ,0.15847653150558472,30667.0,34.45954895019531,162.13482666015625,0.10000000149011612,0.049438200891017914,0.5235955119132996,0.5729857087135315,1.4423092603683472,0.44686150550842285,0.4807829260826111,55.97367477416992,12.511384010314941,0.017370231449604034,0.017234936356544495,0.017370231449604034,0.08525452762842178,0.0002768210833892226,0.07097940891981125,0.17564968764781952,305.71832275390625,9.335325241088867,9.395818710327148,4.13
The Disowned ,0.16349898278713226,25939.0,31.866092681884766,149.32308959960938,0.09828009456396103,0.03316953405737877,0.5331695079803467,0.5927103757858276,1.4486907720565796,0.4342086613178253,0.46940314769744873,57.847110748291016,11.659402847290039,0.0056154970079660416,0.01613527536392212,0.0056154970079660416,0.08875136822462082,0.00033027963945642114,0.06657565385103226,0.17217153310775757,327.0613098144531,9.244922637939453,9.090231895446777,4.13
The Disowned ,0.19722147285938263,18355.0,27.852807998657227,130.44309997558594,0.21396054327487946,0.08194233477115631,0.4218512773513794,0.6105892658233643,1.428221583366394,0.4337179362773895,0.46833014488220215,62.736385345458984,10.204607963562012,-0.00534322252497077,0.016544949263334274,-0.00534322252497077,0.08505452424287796,2.18597939749543e-08,0.061424750834703445,0.16494619846343994,443.6120910644531,9.230745315551758,9.013545989990234,4.13
The Disowned ,0.06478181481361389,210414.0,30.268268585205078,141.8045196533203,0.1070195659995079,0.0513521283864975,0.46029919385910034,0.419633150100708,1.443887710571289,0.44549354910850525,0.4733065068721771,59.47572708129883,11.133081436157227,0.010942353866994381,0.018880130723118782,-0.006144469603896141,0.08722572028636932,0.000509716453962028,0.06859197467565536,0.17409229278564453,141.08694458007812,9.671365737915039,9.130814552307129,4.13
Ernest Maltravers ,0.15302163362503052,30414.0,23.089529037475586,106.90667724609375,0.051593322306871414,0.021244309842586517,0.38543248176574707,0.5682387948036194,1.412470817565918,0.43543264269828796,0.46781599521636963,68.2213134765625,8.423240661621094,0.012387441471219063,0.02284424751996994,0.022350743412971497,0.09164131432771683,0.00012086158676538616,0.07141982764005661,0.18247699737548828,292.0520935058594,9.233240127563477,8.507777214050293,3.45
Ernest Maltravers ,0.19617298245429993,13065.0,20.875398635864258,96.9600601196289,0.06869009882211685,0.03514377027750015,0.39776358008384705,0.625668466091156,1.4469854831695557,0.42816293239593506,0.4788319766521454,67.26231384277344,8.077048301696777,0.03128914535045624,0.0224713496863842,0.03128914535045624,0.09271325170993805,0.006142517551779747,0.06814131885766983,0.17918942868709564,414.22637939453125,8.944059371948242,8.854425430297852,3.45
Ernest Maltravers ,0.20566247403621674,14446.0,26.223230361938477,125.18693542480469,0.08348457515239716,0.018148820847272873,0.36297640204429626,0.6271186470985413,1.4660121202468872,0.4364769458770752,0.4790748059749603,60.670108795166016,10.216039657592773,0.03950054198503494,0.019596153870224953,0.03950054198503494,0.09485753625631332,0.004992607049643993,0.062323667109012604,0.17024537920951843,445.8457946777344,9.02065658569336,9.022283554077148,3.45
Ernest Maltravers ,0.16269786655902863,22047.0,23.114255905151367,103.2914047241211,0.07547169923782349,0.03668763116002083,0.5104821920394897,0.5951821208000183,1.3682514429092407,0.43883487582206726,0.4782067835330963,72.26087188720703,7.78671932220459,0.010309988632798195,0.024115975946187973,0.010309988632798195,0.08418197184801102,0.00016987917479127645,0.07298673689365387,0.18871447443962097,320.8605651855469,9.094067573547363,8.145505905151367,3.45
Ernest Maltravers ,0.18715940415859222,17616.0,23.71601676940918,112.69583129882812,0.0484522208571434,0.0242261104285717,0.3378196358680725,0.6097561120986938,1.437307357788086,0.4390206038951874,0.46798601746559143,65.28987884521484,9.035327911376953,0.02670157141983509,0.018312562257051468,0.02670157141983509,0.08581005036830902,0.00362940295599401,0.06923734396696091,0.1789487600326538,372.6206359863281,9.084881782531738,8.855385780334473,3.45
Ernest Maltravers ,0.177405446767807,16234.0,21.59441566467285,96.26728820800781,0.06382978707551956,0.03324468061327934,0.5904255509376526,0.6197131276130676,1.4130843877792358,0.4187122583389282,0.47889864444732666,70.08164978027344,7.695725917816162,0.02966473065316677,0.02672814391553402,0.02966473065316677,0.09351159632205963,0.001020052470266819,0.07138917595148087,0.19031840562820435,360.15948486328125,9.021568298339844,8.61928939819336,3.45
Ernest Maltravers ,0.1925032138824463,16327.0,24.45209503173828,113.92215728759766,0.07934131473302841,0.0359281450510025,0.4910179674625397,0.6315082311630249,1.4527370929718018,0.4305407702922821,0.4692126512527466,63.92061996459961,9.241952896118164,0.02939620614051819,0.03129247948527336,0.02939620614051819,0.09316631406545639,0.00113894313108176,0.07213357836008072,0.18473847210407257,398.3458251953125,9.108060836791992,8.851187705993652,3.45
Ernest Maltravers ,0.1506737917661667,23375.0,22.591304779052734,102.36714935302734,0.05024154484272003,0.039613526314496994,0.5207729339599609,0.5887961983680725,1.4101855754852295,0.4403972327709198,0.4878528416156769,69.08580017089844,8.138392448425293,0.02719777636229992,0.02922864444553852,0.027127813547849655,0.08410467952489853,0.0007443059585057199,0.07134506851434708,0.19399206340312958,277.1595458984375,9.051711082458496,8.55703353881836,3.45
Ernest Maltravers ,0.17487193644046783,18545.0,23.659439086914062,108.0880126953125,0.0803571417927742,0.029336735606193542,0.375,0.6030680537223816,1.3766781091690063,0.4379139840602875,0.46755725145339966,70.69464111328125,8.214035987854004,-0.007802858948707581,0.02355933003127575,-0.007802858948707581,0.08436983823776245,0.00019746935868170112,0.06791730225086212,0.18624597787857056,352.97894287109375,9.078845977783203,8.671109199523926,3.45
Ernest Maltravers ,0.0693022683262825,171928.0,23.301042556762695,107.16948699951172,0.06516732275485992,0.030483674257993698,0.4468229115009308,0.4311816096305847,1.4162355661392212,0.4433196187019348,0.47492581605911255,67.83177185058594,8.494961738586426,0.02080685831606388,0.02557908184826374,-0.009374687448143959,0.08897484838962555,0.00164820346981287,0.0700562372803688,0.18444231152534485,135.03146362304688,9.536324501037598,8.633708000183105,3.45
Kenelm Chillingly ,0.16945572197437286,24142.0,23.838104248046875,112.82231140136719,0.03455083817243576,0.01678183674812317,0.4679170846939087,0.5881745219230652,1.4585261344909668,0.44140464067459106,0.4765387773513794,63.307010650634766,9.357853889465332,0.03341348469257355,0.021539803594350815,0.033516913652420044,0.08708210289478302,0.00019911669369321316,0.06488879024982452,0.1770007610321045,338.67999267578125,9.166007041931152,8.821599960327148,4.28
Kenelm Chillingly ,0.12485382705926895,44468.0,22.700868606567383,101.92445373535156,0.05206738039851189,0.04798366501927376,0.6166411638259888,0.5466769337654114,1.3685466051101685,0.44882017374038696,0.49357783794403076,72.37923431396484,7.735128879547119,0.018568558618426323,0.019596917554736137,0.020027274265885353,0.07601428776979446,0.00016645487630739808,0.07196340709924698,0.1944732367992401,220.2135467529297,9.220175743103027,8.216877937316895,4.28
Kenelm Chillingly ,0.13909080624580383,37968.0,24.705270767211914,115.03838348388672,0.04749511927366257,0.036434613168239594,0.5042290091514587,0.552152156829834,1.3963632583618164,0.44736212491989136,0.4831311106681824,67.85653686523438,8.896930694580078,0.026220256462693214,0.017739051952958107,0.022705283015966415,0.08258865028619766,0.0002217558358097449,0.06738277524709702,0.1848827749490738,249.4474334716797,9.287646293640137,8.646830558776855,4.28
Kenelm Chillingly ,0.1611303985118866,22187.0,25.503448486328125,119.06551361083984,0.03218390792608261,0.03333333507180214,0.5321838855743408,0.5925816893577576,1.4197344779968262,0.4656955301761627,0.4978771507740021,65.01729583740234,9.503935813903809,0.02845708280801773,0.017457108944654465,0.02845708280801773,0.08642353117465973,0.00010749834473244846,0.07067594677209854,0.1817694902420044,297.4324645996094,9.030322074890137,8.605989456176758,4.28
Kenelm Chillingly ,0.1870306134223938,13848.0,22.05573272705078,99.91719818115234,0.0541401281952858,0.07484076172113419,0.5175158977508545,0.6063916087150574,1.3969826698303223,0.4394799470901489,0.48294946551322937,70.54512023925781,7.8510518074035645,0.03226340562105179,0.02543250098824501,0.03226340562105179,0.08043978363275528,8.9279368694406e-05,0.08695507049560547,0.192035511136055,385.522705078125,8.977791786193848,8.351044654846191,4.28
Kenelm Chillingly ,0.12240689992904663,39287.0,22.348691940307617,101.69055938720703,0.04835039749741554,0.04436860233545303,0.5784983038902283,0.5286750197410583,1.3960000276565552,0.4454444348812103,0.4857812523841858,70.25785827636719,7.981776237487793,0.028046367689967155,0.024597667157649994,0.02246134914457798,0.08440876007080078,0.0002500027767382562,0.08800271898508072,0.19200600683689117,210.68289184570312,9.202685356140137,8.306245803833008,4.28
Kenelm Chillingly ,0.17397825419902802,16002.0,26.31907844543457,122.77631378173828,0.029605263844132423,0.04440789297223091,0.46875,0.5879059433937073,1.3987205028533936,0.46579766273498535,0.49661535024642944,66.06139373779297,9.53787899017334,0.034305132925510406,0.021665159612894058,0.034305132925510406,0.07751873880624771,0.0002231830731034279,0.07893238216638565,0.18360425531864166,333.7415771484375,8.96384048461914,8.65394401550293,4.28
Kenelm Chillingly ,0.14118555188179016,31108.0,24.287275314331055,112.28337097167969,0.07025761157274246,0.05308352783322334,0.4933645725250244,0.5418954491615295,1.3885765075683594,0.45068150758743286,0.48121291399002075,68.92752075195312,8.646655082702637,0.022194206714630127,0.02791595458984375,0.018150659278035164,0.07891261577606201,0.0004265471070539206,0.08337193727493286,0.18004511296749115,260.3515319824219,9.178304672241211,8.512591361999512,4.28
What Will He Do with It? ,0.1374865174293518,36149.0,20.922452926635742,92.04861450195312,0.11053241044282913,0.05150463059544563,0.5700231194496155,0.5716434121131897,1.3625437021255493,0.42466673254966736,0.47724518179893494,75.0947265625,6.816036224365234,0.00453447550535202,0.022858183830976486,0.0053812675178050995,0.0820700079202652,0.00014267873484641314,0.06937311589717865,0.19231685996055603,257.603515625,9.269478797912598,8.311922073364258,3.6
What Will He Do with It? ,0.16754111647605896,28208.0,22.973941802978516,106.62785339355469,0.10912051796913147,0.04641693830490112,0.4600977301597595,0.595563530921936,1.3971210718154907,0.42608752846717834,0.4554852843284607,69.6899642944336,8.176769256591797,0.015164549462497234,0.016984988003969193,0.014524269849061966,0.08672113716602325,0.0001308677310589701,0.07577183842658997,0.18107709288597107,326.6103515625,9.338414192199707,8.693000793457031,3.6
What Will He Do with It? ,0.12403100728988647,51471.0,21.095901489257812,94.7041015625,0.10573770850896835,0.08442623168230057,0.48401638865470886,0.5476071238517761,1.3930076360702515,0.42644914984703064,0.4716532826423645,72.00776672363281,7.371358871459961,0.018787024542689323,0.025050727650523186,0.01406608335673809,0.0856793075799942,0.00014700437895953655,0.0720079317688942,0.1876269429922104,224.2924041748047,9.403290748596191,8.38391399383545,3.6
What Will He Do with It? ,0.1421622633934021,39061.0,22.633256912231445,104.6274642944336,0.13325607776641846,0.044611819088459015,0.4443800747394562,0.5661526918411255,1.4076114892959595,0.4313019812107086,0.46042299270629883,69.17762756347656,8.156408309936523,0.007383891846984625,0.019846497103571892,0.016727063804864883,0.08181628584861755,0.0002532974467612803,0.07576849311590195,0.19254013895988464,252.14088439941406,9.382458686828613,8.703601837158203,3.6
What Will He Do with It? ,0.1703832745552063,25830.0,23.634035110473633,111.24794006347656,0.12351326644420624,0.04757548123598099,0.36413541436195374,0.6084567308425903,1.4361058473587036,0.4286629855632782,0.45931002497673035,65.69049072265625,8.906277656555176,0.02807942032814026,0.023878391832113266,0.02640528790652752,0.09031577408313751,0.00033082481240853667,0.07391662150621414,0.17633235454559326,329.2430419921875,9.295695304870605,8.838991165161133,3.6
What Will He Do with It? ,0.16903555393218994,28213.0,20.730344772338867,95.42762756347656,0.1344599574804306,0.08523144572973251,0.3872152864933014,0.5950947403907776,1.4039883613586426,0.4224196970462799,0.46002817153930664,71.1165542602539,7.486423492431641,0.014122642576694489,0.027231626212596893,0.017929429188370705,0.09289004653692245,0.0003521892358548939,0.07563276588916779,0.17908859252929688,318.9900817871094,9.441474914550781,8.687118530273438,3.6
What Will He Do with It? ,0.11364606767892838,63249.0,24.892168045043945,116.46438598632812,0.08067689836025238,0.046044863760471344,0.4793388545513153,0.5199098587036133,1.424227237701416,0.44302254915237427,0.4680662155151367,65.6435317993164,9.17028522491455,0.010641606524586678,0.021785704419016838,0.01579473912715912,0.08111938089132309,0.0002122554724337533,0.07403765618801117,0.1882680356502533,186.05226135253906,9.426504135131836,8.801138877868652,3.6
What Will He Do with It? ,0.1728883981704712,25502.0,27.62946891784668,132.9880828857422,0.09425785392522812,0.05092091113328934,0.39003250002861023,0.5918028950691223,1.4299888610839844,0.4564102590084076,0.47000184655189514,62.14015197753906,10.39710807800293,-0.006482542492449284,0.020595448091626167,-0.006398223340511322,0.0807715654373169,0.00013910479901824147,0.07316737622022629,0.18166674673557281,319.3187561035156,9.277831077575684,9.05269718170166,3.6
What Will He Do with It? ,0.1922205686569214,15451.0,25.12520408630371,119.33658599853516,0.18048781156539917,0.03739837557077408,0.3544715344905853,0.6125175952911377,1.4193923473358154,0.44649988412857056,0.4758951961994171,65.46086120605469,9.340585708618164,0.007385958451777697,0.030734296888113022,0.007385958451777697,0.08022638410329819,7.75181470089592e-05,0.07255256175994873,0.18153633177280426,383.9950866699219,9.025595664978027,8.836888313293457,3.6
What Will He Do with It? ,0.14711621403694153,34850.0,24.911365509033203,113.2830581665039,0.122230164706707,0.07005003839731216,0.436740517616272,0.5750930905342102,1.3584825992584229,0.4450669586658478,0.4770284593105316,71.25186920166016,8.376692771911621,-0.009314541704952717,0.018039263784885406,-0.007345581892877817,0.0718328133225441,0.00017562619177624583,0.07211354374885559,0.19277068972587585,265.8739318847656,9.263693809509277,8.585885047912598,3.6
What Will He Do with It? ,0.15339991450309753,22927.0,25.848928451538086,119.98308563232422,0.1014656126499176,0.051860202103853226,0.4802705645561218,0.5814433097839355,1.3934530019760132,0.45234209299087524,0.4663146734237671,67.27571105957031,9.180366516113281,0.010745968669652939,0.023227673023939133,0.010745968669652939,0.0766141414642334,5.280758341541514e-05,0.0771949365735054,0.19932380318641663,279.4709777832031,9.07883358001709,8.84402084350586,3.6
What Will He Do with It? ,0.14778771996498108,31958.0,24.01127052307129,110.69346618652344,0.1577761024236679,0.06761833280324936,0.42449286580085754,0.5826684236526489,1.3817739486694336,0.4421100616455078,0.4759823679924011,69.87027740478516,8.425271034240723,-0.0028571048751473427,0.025927623733878136,-0.00998401828110218,0.08060639351606369,0.00026602009893395007,0.06931965053081512,0.18812036514282227,270.191650390625,9.260004043579102,8.729313850402832,3.6
Lucretia ,0.15725472569465637,31414.0,28.957603454589844,137.81658935546875,0.059907834976911545,0.054377879947423935,0.4350230395793915,0.5734089612960815,1.440256118774414,0.44005876779556274,0.46652349829673767,60.593780517578125,10.778681755065918,0.027077404782176018,0.01736663654446602,0.031236009672284126,0.08770153671503067,0.0004601682012435049,0.06492327898740768,0.17156945168972015,312.1764831542969,9.290562629699707,9.16698169708252,3.84
Lucretia ,0.14866197109222412,28400.0,26.371402740478516,120.79573059082031,0.08356545865535736,0.0622098408639431,0.4317548871040344,0.574859082698822,1.3846020698547363,0.4416051208972931,0.4705197215080261,67.84735870361328,9.143987655639648,0.012233958579599857,0.02005072869360447,0.009608113206923008,0.08186705410480499,0.00012941384920850396,0.07224778831005096,0.1884913295507431,288.3900451660156,9.176876068115234,8.738761901855469,3.84
Lucretia ,0.16143004596233368,30013.0,23.76484489440918,110.53523254394531,0.09976246953010559,0.0490894690155983,0.4204275608062744,0.5767661333084106,1.4170221090316772,0.43313178420066833,0.4712979793548584,67.17327880859375,8.73169231414795,0.0025219940580427647,0.01874670758843422,0.002325860783457756,0.07897955924272537,0.00036563596222549677,0.05992574617266655,0.18010109663009644,328.1257629394531,9.30793285369873,8.887606620788574,3.84
Lucretia ,0.1482830047607422,37624.0,24.64374542236328,113.42239379882812,0.09495743364095688,0.055664703249931335,0.43876883387565613,0.5622882843017578,1.3939868211746216,0.4308684170246124,0.466086208820343,68.51995849609375,8.691225051879883,0.00699038989841938,0.02073250338435173,-0.003079685615375638,0.08993931114673615,0.0001630589395062998,0.06541641801595688,0.17335747182369232,282.922119140625,9.404419898986816,8.809996604919434,3.84
Lucretia ,0.15293021500110626,35441.0,27.497283935546875,128.76959228515625,0.08611326664686203,0.05663304775953293,0.4150504171848297,0.5618346929550171,1.4139841794967651,0.44090402126312256,0.47124823927879333,64.19293212890625,9.939753532409668,0.007152623031288385,0.02156042493879795,0.009097381494939327,0.08630964905023575,0.00017104516155086458,0.06964955478906631,0.1773739755153656,287.64556884765625,9.390474319458008,8.98852825164795,3.84
Lucretia ,0.14687515795230865,38114.0,26.41441535949707,124.99237823486328,0.07623007893562317,0.054054055362939835,0.3527373671531677,0.5437616109848022,1.4203119277954102,0.43552330136299133,0.46608343720436096,64.48588562011719,9.6961669921875,-0.004339330364018679,0.019922737032175064,-0.0054896376095712185,0.07449240237474442,9.509861411061138e-05,0.06453878432512283,0.17602312564849854,290.95684814453125,9.388127326965332,9.051782608032227,3.84
Lucretia ,0.06742451339960098,200832.0,26.156139373779297,122.07852935791016,0.08425576239824295,0.05521552264690399,0.41450709104537964,0.4108981490135193,1.4116803407669067,0.4466404616832733,0.4687742292881012,65.57304382324219,9.457169532775879,0.008481284603476524,0.019915949553251266,-0.005734753794968128,0.08321674168109894,0.00022399320732802153,0.06610848754644394,0.17736691236495972,146.12115478515625,9.655328750610352,8.935237884521484,3.84
A Strange Story ,0.16423486173152924,25701.0,25.419960021972656,120.89130401611328,0.05632410943508148,0.04545454680919647,0.3191699683666229,0.5788177251815796,1.4323948621749878,0.4541831314563751,0.48416373133659363,63.9943733215332,9.634828567504883,0.01959790661931038,0.018296055495738983,0.017697611823678017,0.09002052247524261,0.0008334980811923742,0.06871949136257172,0.1773095577955246,312.8763427734375,9.230216026306152,9.045326232910156,4.03
A Strange Story ,0.1611558198928833,27340.0,26.040952682495117,121.72856903076172,0.08095238357782364,0.032380953431129456,0.4285714328289032,0.5866760611534119,1.4183462858200073,0.45351216197013855,0.48684847354888916,64.8290023803711,9.605029106140137,0.007645591627806425,0.01831951178610325,0.006721226032823324,0.08571949601173401,8.785990212345496e-05,0.0753554105758667,0.1858418881893158,304.5365905761719,9.257762908935547,8.955646514892578,4.03
A Strange Story ,0.16222885251045227,25125.0,25.533536911010742,119.77845764160156,0.06910569220781326,0.05081300809979439,0.4502032399177551,0.5783892869949341,1.4251631498336792,0.45598095655441284,0.48954713344573975,64.60564422607422,9.549698829650879,0.013412750326097012,0.018101556226611137,0.012859524227678776,0.08191274106502533,0.00014286812802311033,0.0648161992430687,0.18620818853378296,319.76409912109375,9.155569076538086,9.031427383422852,4.03
A Strange Story ,0.15491625666618347,25375.0,27.227468490600586,129.9366912841797,0.06759656965732574,0.06223176047205925,0.3733905553817749,0.557823121547699,1.4290224313735962,0.4637969732284546,0.484634667634964,62.47926712036133,10.286820411682129,-0.006990893743932247,0.015066592022776604,-0.006990893743932247,0.07585562765598297,4.642757630790584e-05,0.06378538906574249,0.19154146313667297,300.9349365234375,9.087965965270996,9.185259819030762,4.03
A Strange Story ,0.15624366700649261,29582.0,28.863414764404297,136.22341918945312,0.06926829367876053,0.07804878056049347,0.3863414525985718,0.5737519860267639,1.4376790523529053,0.4622858166694641,0.4922729432582855,60.6661376953125,10.804242134094238,0.0035204426385462284,0.015728820115327835,0.003884771838784218,0.07735446840524673,8.070235344348475e-05,0.06952603906393051,0.18578022718429565,297.0898132324219,9.210176467895508,9.069486618041992,4.03
A Strange Story ,0.17017655074596405,20561.0,25.416563034057617,117.8059310913086,0.11001235991716385,0.07540173083543777,0.3362175524234772,0.592396080493927,1.3844908475875854,0.4683493375778198,0.501937210559845,68.01066589355469,9.083542823791504,-0.0077465190552175045,0.020040715113282204,-0.0077465190552175045,0.07535287737846375,5.7831533922581e-05,0.06887581944465637,0.18985635042190552,332.1136169433594,9.034603118896484,8.802886962890625,4.03
A Strange Story ,0.16364116966724396,30298.0,28.831588745117188,139.60324096679688,0.09419600665569305,0.058991435915231705,0.34633681178092957,0.5644275546073914,1.4775645732879639,0.45624297857284546,0.49537980556488037,57.1678581237793,11.322522163391113,-0.0007024992373771966,0.015910537913441658,0.00017220978043042123,0.08418462425470352,0.0005090077174827456,0.06691733747720718,0.17334337532520294,316.0208740234375,9.31541633605957,9.529972076416016,4.03
A Strange Story ,0.13785192370414734,35306.0,24.623430252075195,113.57112884521484,0.12691771984100342,0.0746164545416832,0.3403068482875824,0.5297772288322449,1.3584835529327393,0.45430946350097656,0.49996623396873474,70.94053649902344,8.496298789978027,-0.0033727812115103006,0.015000568702816963,-0.003875287715345621,0.07285410165786743,0.0002363280364079401,0.06333356350660324,0.17845430970191956,272.7070617675781,9.171464920043945,8.987847328186035,4.03
The Parisians ,0.1639297902584076,28256.0,24.898677825927734,117.95947265625,0.06696034967899323,0.05286343768239021,0.4229075014591217,0.5715270042419434,1.435533881187439,0.446958988904953,0.4908936619758606,64.32423400878906,9.44308853149414,0.024433264508843422,0.019033413380384445,0.022702665999531746,0.08563247323036194,0.0026746015064418316,0.06538158655166626,0.17228522896766663,310.65667724609375,9.247540473937988,9.04121208190918,4.37
The Parisians ,0.17388786375522614,25896.0,26.21255111694336,127.58299255371094,0.04655870422720909,0.04048582911491394,0.431174099445343,0.5881513357162476,1.4783250093460083,0.4466414153575897,0.47735753655433655,59.468502044677734,10.4227876663208,0.028669558465480804,0.01636904664337635,0.028409207239747047,0.08684229105710983,0.0021192552521824837,0.06933548301458359,0.17971955239772797,322.67919921875,9.278563499450684,9.240582466125488,4.37
The Parisians ,0.1791074275970459,20256.0,23.259471893310547,110.41101837158203,0.034443169832229614,0.034443169832229614,0.447761207818985,0.5906158089637756,1.4519315958023071,0.44265809655189514,0.4702715575695038,64.30406188964844,9.111300468444824,0.023122288286685944,0.019228661432862282,0.023122288286685944,0.08158829063177109,0.0039047577884048223,0.06626453250646591,0.17932792007923126,349.8141784667969,9.136801719665527,8.962491035461426,4.37
The Parisians ,0.16172106564044952,23590.0,27.178571701049805,129.12442016601562,0.039170507341623306,0.047235023230314255,0.41705068945884705,0.567267656326294,1.4400949478149414,0.46444469690322876,0.49484795331954956,61.85207748413086,10.298535346984863,0.02491486445069313,0.01840178109705448,0.02491486445069313,0.08082036674022675,0.0014144815504550934,0.07228337228298187,0.17901703715324402,297.05633544921875,9.113784790039062,9.06663703918457,4.37
The Parisians ,0.15860843658447266,30383.0,24.32746124267578,114.9495620727539,0.04643714800477028,0.049639713019132614,0.4555644392967224,0.5594266653060913,1.4471769332885742,0.44872599840164185,0.4931994378566742,63.85028076171875,9.384110450744629,0.018621714785695076,0.018278080970048904,0.022060329094529152,0.07793297618627548,0.003321264171972871,0.06504318863153458,0.17848248779773712,294.8303527832031,9.267428398132324,9.145273208618164,4.37
The Parisians ,0.16150149703025818,24136.0,25.67765998840332,124.21170043945312,0.027659574523568153,0.03191489353775978,0.3510638177394867,0.5648173093795776,1.4735370874404907,0.45778512954711914,0.48030608892440796,60.16014099121094,10.256173133850098,0.01161120180040598,0.016974588856101036,0.01161120180040598,0.07730798423290253,0.003924231976270676,0.06828199326992035,0.18390044569969177,298.71282958984375,9.10375690460205,9.119994163513184,4.37
The Parisians ,0.1887345016002655,17416.0,24.603107452392578,116.47599029541016,0.049435026943683624,0.04661016911268234,0.5,0.5970341563224792,1.458457112312317,0.44487717747688293,0.4845638573169708,62.69220733642578,9.595514297485352,0.015006670728325844,0.02231048047542572,0.015006670728325844,0.08025950193405151,0.005042055621743202,0.07093502581119537,0.18648967146873474,371.76544189453125,9.098810195922852,9.15479850769043,4.37
The Parisians ,0.19719566404819489,15690.0,23.148967742919922,109.72714233398438,0.0796460211277008,0.04277286306023598,0.491150438785553,0.6072549819946289,1.4535561800003052,0.43054598569869995,0.47889623045921326,64.60459899902344,8.962183952331543,0.012276950292289257,0.01576342061161995,0.012276950292289257,0.08131210505962372,0.0038869057316333055,0.0666203573346138,0.18571212887763977,406.50994873046875,9.063702583312988,9.134847640991211,4.37
The Parisians ,0.16020505130290985,23214.0,26.44077491760254,123.1902084350586,0.08542141318321228,0.050113894045352936,0.537585437297821,0.5898683667182922,1.410011887550354,0.45754048228263855,0.48935067653656006,65.23995971679688,9.619701385498047,0.022479621693491936,0.02647770568728447,0.022479621693491936,0.07918750494718552,0.0016584902768954635,0.07405641674995422,0.19231930375099182,286.5797424316406,9.0995454788208,8.845757484436035,4.37
The Parisians ,0.18681685626506805,15004.0,26.465608596801758,124.18695068359375,0.08289241790771484,0.07583773881196976,0.5643739104270935,0.6130384802818298,1.4356045722961426,0.4577268362045288,0.4922371506690979,63.12983322143555,9.900556564331055,0.018104050308465958,0.018633654341101646,0.018104050308465958,0.07168202102184296,0.002252566860988736,0.06950961798429489,0.19090920686721802,359.6226501464844,8.955574989318848,8.956283569335938,4.37
The Parisians ,0.14218689501285553,41776.0,23.248191833496094,111.0161361694336,0.05787423625588417,0.05119643732905388,0.42070117592811584,0.5344357490539551,1.4478853940963745,0.44676440954208374,0.48234251141548157,64.59121704101562,9.084747314453125,0.01207560021430254,0.018895840272307396,0.014169467613101006,0.08041153103113174,0.003116932697594166,0.06408365815877914,0.18298564851284027,253.58380126953125,9.37508487701416,9.05958080291748,4.37
The Parisians ,0.1416918784379959,38005.0,21.756725311279297,102.02117919921875,0.078992560505867,0.05208929628133774,0.4270177483558655,0.5418484807014465,1.4352595806121826,0.44149380922317505,0.4773029088973999,67.0328140258789,8.408031463623047,-0.003272696165367961,0.022661739960312843,0.00014631687372457236,0.07855726033449173,0.0034457582514733076,0.067144975066185,0.18727265298366547,252.30307006835938,9.31125259399414,9.01797103881836,4.37
The Uninhabited House,0.0905325710773468,63259.0,25.635074615478516,114.27339172363281,0.025111380964517593,0.0145808020606637,0.5155933499336243,0.5092127323150635,1.3678250312805176,0.4688229560852051,0.4925399124622345,69.84599304199219,8.723433494567871,-0.004362139850854874,0.018274670466780663,-0.0038139016833156347,0.07255379855632782,0.0001353532134089619,0.07450556755065918,0.21418166160583496,164.0425567626953,9.0938081741333,8.352004051208496,3.43
Alice,0.14287711679935455,21459.0,23.329347610473633,105.78804016113281,0.07391304522752762,0.056521739810705185,0.48260870575904846,0.5638114809989929,1.3995945453643799,0.4388752579689026,0.48352158069610596,69.38150024414062,8.244074821472168,0.03869836404919624,0.028675783425569534,0.03869836404919624,0.09111338108778,0.00011584913590922952,0.0798189714550972,0.19537875056266785,268.7398681640625,8.890385627746582,8.296913146972656,4.03
Alice,0.1927739977836609,16579.0,25.326717376708984,121.21832275390625,0.07786259800195694,0.03664122149348259,0.323664128780365,0.5994755625724792,1.465221881866455,0.4296214282512665,0.4548250138759613,61.71254348754883,9.831862449645996,0.030468448996543884,0.016458559781312943,0.030468448996543884,0.0929192528128624,0.0006589629338122904,0.07234439998865128,0.1784445345401764,413.88848876953125,9.07966136932373,8.82346248626709,4.03
Alice,0.16711825132369995,19561.0,24.521303176879883,113.93984985351562,0.07518796622753143,0.038847118616104126,0.4285714328289032,0.5955092906951904,1.4431558847427368,0.43402761220932007,0.4640684425830841,64.67295837402344,9.151269912719727,0.030598243698477745,0.026895392686128616,0.030598243698477745,0.08631767332553864,0.0009506121277809143,0.07484615594148636,0.19551193714141846,318.187744140625,9.0379056930542,8.805964469909668,4.03
Alice,0.16803108155727386,19300.0,21.097267150878906,96.40655517578125,0.07759562879800797,0.03169398754835129,0.49398908019065857,0.597195029258728,1.4238898754119873,0.43131569027900696,0.46790769696235657,69.21209716796875,7.806097030639648,0.026521263644099236,0.027406107634305954,0.026521263644099236,0.08435694873332977,0.00045252087875269353,0.07853887230157852,0.19599221646785736,324.54071044921875,9.059171676635742,8.518839836120605,4.03
Alice,0.16332852840423584,18723.0,21.281818389892578,97.03181457519531,0.13750000298023224,0.05113636329770088,0.5227272510528564,0.5948097109794617,1.4262086153030396,0.4286275804042816,0.4712066352367401,68.9527359008789,7.857739448547363,0.021185334771871567,0.029027296230196953,0.021185334771871567,0.08504649251699448,0.0008035658393055201,0.07734555751085281,0.19694629311561584,314.56976318359375,9.015846252441406,8.50767707824707,4.03
Alice,0.18664008378982544,20569.0,27.394140243530273,131.74966430664062,0.13182424008846283,0.08122503012418747,0.35818907618522644,0.6054515242576599,1.493157148361206,0.4402829110622406,0.4799433648586273,57.602745056152344,10.83255672454834,0.025887586176395416,0.020047252997756004,0.025887586176395416,0.09037783741950989,0.0030085418839007616,0.0671352818608284,0.1684873104095459,388.6065368652344,9.197591781616211,9.270854949951172,4.03
Alice,0.20860989391803741,10546.0,27.266149520874023,127.52455139160156,0.1033591702580452,0.03617570921778679,0.5348837375640869,0.630717396736145,1.4463356733322144,0.4260770380496979,0.44964540004730225,62.28662872314453,10.002342224121094,0.016659945249557495,0.01613425649702549,0.016659945249557495,0.08570808172225952,0.0003549655375536531,0.06702921539545059,0.18512630462646484,469.2509460449219,8.824963569641113,8.93331241607666,4.03
Alice,0.18843258917331696,15146.0,23.633384704589844,109.63182830810547,0.20436817407608032,0.04368174821138382,0.28393134474754333,0.6064257025718689,1.402815580368042,0.44398847222328186,0.4772036373615265,68.36034393310547,8.569744110107422,0.026014897972345352,0.03315509110689163,0.026014897972345352,0.07903420925140381,0.0021596828009933233,0.06903431564569473,0.18974445760250092,391.6070251464844,8.968379020690918,8.78820514678955,4.03
Alice,0.1911848932504654,10482.0,21.798336029052734,98.81912994384766,0.15800416469573975,0.06444906443357468,0.3804573714733124,0.5984415411949158,1.4019066095352173,0.4476460814476013,0.4844062626361847,70.3034439086914,7.841956615447998,-0.007850813679397106,0.02575577422976494,-0.007850813679397106,0.0755653828382492,0.0008240743190981448,0.07521113753318787,0.2082134634256363,394.046142578125,8.765856742858887,8.500616073608398,4.03
Alice,0.16730834543704987,17662.0,26.97709846496582,126.2946548461914,0.13282442092895508,0.047328244894742966,0.31450381875038147,0.5694150924682617,1.4119538068771362,0.44665971398353577,0.47295355796813965,64.72364044189453,9.777878761291504,0.013030598871409893,0.02375059761106968,0.013030598871409893,0.0802212655544281,0.0010258376132696867,0.06955311447381973,0.18766383826732635,331.3988342285156,8.9070463180542,8.821176528930664,4.03
Alice,0.18518517911434174,16146.0,21.879404067993164,101.96341705322266,0.15040650963783264,0.056910570710897446,0.38482385873794556,0.6175854802131653,1.424230933189392,0.4343210756778717,0.46466630697250366,68.14794921875,8.207917213439941,-0.009333665482699871,0.02477962151169777,-0.009333665482699871,0.07415011525154114,0.0018139993771910667,0.06855638325214386,0.19705145061016083,384.9759216308594,8.988677978515625,8.799337387084961,4.03
Alice,0.06320933252573013,185827.0,24.046831130981445,111.6302719116211,0.11836998909711838,0.05019404739141464,0.4196636378765106,0.41965124011039734,1.4319463968276978,0.446082204580307,0.47090035676956177,65.8449478149414,8.933056831359863,0.02103922888636589,0.02583060786128044,0.0032084607519209385,0.08464981615543365,0.0011247001821175218,0.07309195399284363,0.1901000738143921,131.35287475585938,9.473858833312988,8.72580337524414,4.03
Young Lives,0.0931776911020279,85836.0,23.77996063232422,109.80459594726562,0.05590921640396118,0.044284526258707047,0.4868530333042145,0.5171242356300354,1.406883955001831,0.46587663888931274,0.48215022683143616,68.05284118652344,8.603655815124512,0.024016907438635826,0.02345174178481102,0.032199960201978683,0.09086376428604126,0.00019905774388462305,0.07921966165304184,0.1795525848865509,158.7238311767578,9.306640625,8.080583572387695,4.22
The Romance of Zion Chapel [3d ed,0.10296864807605743,54065.0,25.40883445739746,119.17198944091797,0.0892857164144516,0.05921052768826485,0.3298872113227844,0.5261850357055664,1.3796617984771729,0.47641971707344055,0.4706564247608185,68.30980682373047,9.068594932556152,0.02044452354311943,0.025664031505584717,-0.009222050197422504,0.09176216274499893,0.00010937285696854815,0.08268432319164276,0.18367739021778107,173.8699951171875,9.10140323638916,8.019859313964844,4.0
Lady Rose's Daughter,0.06133507937192917,160365.0,16.84714698791504,75.7469253540039,0.03844941779971123,0.043281856924295425,0.4628637433052063,0.4481477439403534,1.3791968822479248,0.44158968329429626,0.4763021469116211,76.51466369628906,5.92561674118042,0.009743554517626762,0.0256299190223217,-0.007786228787153959,0.08409818261861801,0.000578473845962435,0.06864350289106369,0.19228897988796234,123.49797821044922,9.299474716186523,8.04025936126709,3.54
Gryll Grange,0.11582166701555252,85010.0,20.289836883544922,99.03673553466797,0.01765267178416252,0.041030533611774445,0.16674618422985077,0.5377156138420105,1.4477450847625732,0.43318191170692444,0.47872111201286316,67.58914184570312,7.935740947723389,0.02453627623617649,0.02026268281042576,0.026709215715527534,0.08585330843925476,0.0017618174897506833,0.0619964562356472,0.1762847751379013,197.67681884765625,9.585967063903809,8.714188575744629,3.58
Vixen,0.10110124945640564,74915.0,19.706207275390625,90.25723266601562,0.012887953780591488,0.03392951190471649,0.5455023646354675,0.511833906173706,1.385507345199585,0.43372470140457153,0.46548619866371155,73.4587631225586,6.969136714935303,0.015591563656926155,0.02777116745710373,0.02794809639453888,0.094003826379776,0.0002312773431185633,0.06552686542272568,0.19022111594676971,167.9067840576172,9.383267402648926,8.071975708007812,3.75
Vixen,0.10076088458299637,70444.0,18.98141098022461,86.8760757446289,0.012661637738347054,0.03151939809322357,0.5511853694915771,0.5228978395462036,1.3876850605010986,0.44731009006500244,0.4775126278400421,73.7387924194336,6.816445827484131,0.01544167473912239,0.031763359904289246,0.016412746161222458,0.08935888856649399,0.0003309568273834884,0.06647039949893951,0.19444678723812103,164.79554748535156,9.321660041809082,7.990677356719971,3.75
Vixen,0.10852988064289093,67668.0,20.303630828857422,94.47944641113281,0.02370237000286579,0.03210321068763733,0.5259525775909424,0.5130859017372131,1.4029217958450317,0.4450502097606659,0.4712824523448944,71.11725616455078,7.50823974609375,0.016461046412587166,0.027076836675405502,0.027636773884296417,0.09275247156620026,0.0003397527034394443,0.06820088624954224,0.19430288672447205,180.646484375,9.406259536743164,8.230447769165039,3.75
The Daltons; Or,0.0675431564450264,199280.0,24.288604736328125,112.0784912109375,0.06617915630340576,0.04046313092112541,0.6107251644134521,0.44325605034828186,1.4242688417434692,0.4496541917324066,0.4841020703315735,66.36360931396484,8.892742156982422,0.006046734284609556,0.020309586077928543,0.0030142832547426224,0.08439119160175323,0.0006625449168495834,0.07189560681581497,0.18075774610042572,130.62550354003906,9.598383903503418,8.574087142944336,4.17
The Daltons; Or,0.06347058713436127,209152.0,23.47429847717285,106.91212463378906,0.06296296417713165,0.041638609021902084,0.6013467907905579,0.4331018328666687,1.3984968662261963,0.4518662393093109,0.4923258125782013,69.45486450195312,8.238615989685059,0.0036328888963907957,0.019789868965744972,-0.0010688034817576408,0.07952063530683517,0.00064524618210271,0.06987777352333069,0.18633867800235748,131.09619140625,9.536898612976074,8.486164093017578,4.17
Mattie,0.07901319116353989,70368.0,20.523183822631836,89.82239532470703,0.055701371282339096,0.01983085460960865,0.6267133355140686,0.48867377638816833,1.3506145477294922,0.45922765135765076,0.488157719373703,76.10093688964844,6.67642068862915,0.018942775204777718,0.02889513410627842,0.02520470693707466,0.08167552202939987,0.00019768267520703375,0.07655387371778488,0.20538359880447388,139.9492950439453,8.979589462280273,7.878194332122803,3.94
Mattie,0.08459653705358505,68147.0,23.527097702026367,102.7632064819336,0.06765619665384293,0.010355540551245213,0.6841560006141663,0.4914056658744812,1.3456401824951172,0.44620245695114136,0.4791227877140045,74.36576843261719,7.446138381958008,0.012606303207576275,0.02270561456680298,0.0022829053923487663,0.08495865017175674,0.0002068950852844864,0.07331621646881104,0.19233760237693787,158.0747833251953,9.056320190429688,8.013482093811035,3.94
Mattie,0.07598164677619934,68227.0,22.17484474182129,96.0867691040039,0.07442314177751541,0.01429964229464531,0.6633084416389465,0.4772298038005829,1.337059736251831,0.4568048417568207,0.47852784395217896,76.04515075683594,6.978527545928955,0.014834395609796047,0.02686946839094162,0.021557899191975594,0.0806458443403244,0.00011198385618627071,0.0786486491560936,0.203657865524292,140.68780517578125,8.93825626373291,7.814922332763672,3.94
Women Novelists of Queen Victoria's Reign,0.11546304821968079,76007.0,34.871559143066406,173.11972045898438,0.026146788150072098,0.03486238420009613,0.4206421971321106,0.5102595686912537,1.4844672679901123,0.45523393154144287,0.4849182069301605,51.30377197265625,13.432787895202637,0.02325502783060074,0.012540082447230816,0.0262670386582613,0.09863922744989395,0.00034206281998194754,0.06538153439760208,0.15885943174362183,214.3038787841797,9.493293762207031,9.330405235290527,3.75
Sport Royal,0.11554576456546783,36756.0,14.178557395935059,59.7358283996582,0.03278056159615517,0.020825298503041267,0.5449286699295044,0.531194269657135,1.3738083839416504,0.41985228657722473,0.481097549200058,79.81140899658203,4.770461082458496,0.008129116147756577,0.025342078879475594,0.009728043340146542,0.0728224515914917,0.00028998302877880633,0.06901538372039795,0.21607013046741486,221.8693389892578,9.042652130126953,8.030320167541504,3.67
The Golden Butterfly,0.05632607266306877,214430.0,17.37828254699707,77.43468475341797,0.022366289049386978,0.03841166943311691,0.4517017900943756,0.4407876431941986,1.3539704084396362,0.45394808053970337,0.4862724542617798,78.04957580566406,5.85819673538208,0.015412412583827972,0.024161672219634056,0.0018989669624716043,0.07918872684240341,0.00017906924767885357,0.06629005819559097,0.19936122000217438,115.30204772949219,9.364067077636719,7.784692287445068,3.85
A Bird of Passage,0.1048348918557167,33796.0,17.81549835205078,78.98155212402344,0.020031629130244255,0.025830257683992386,0.49499210715293884,0.4959568679332733,1.338610291481018,0.46743062138557434,0.5085172057151794,78.92002868652344,5.841789722442627,0.00869376678019762,0.02329346351325512,0.013613158836960793,0.07459709048271179,0.00010943567758658901,0.07711348682641983,0.21802660822868347,189.80062866210938,8.826628684997559,7.642050743103027,4.33
